2,7269,NJCL,2025-01-19 19:07:00+00,Track 3
3,6937,M&E,2025-01-19 19:11:00+00,Track 2
4,7869,NEC,2025-01-19 19:14:00+00,Track 9
7,7871,NEC,2025-01-19 20:03:00+00,Track 2
8,6939,NJCL,2025-01-19 20:11:00+00,Track 13
9,7875,NEC,2025-01-19 20:55:00+00,Track 7
10,7277,NJCL,2025-01-19 21:07:00+00,Track 2
11,6941,M&E,2025-01-19 21:11:00+00,Track 3
12,7877,NEC,2025-01-19 21:14:00+00,Track 4
13,7879,NEC,2025-01-19 22:02:00+00,Track 8
14,7281,NJCL,2025-01-19 22:07:00+00,Track 13
15,6943,M&E,2025-01-19 22:11:00+00,Track 4
16,7871,NEC,2025-01-20 20:03:00+00,Track 9
17,7273,NJCL,2025-01-20 20:07:00+00,Track 4
18,A657,AMTK,2025-01-20 20:30:00+00,Track 6
19,7875,NEC,2025-01-20 20:55:00+00,Track 13
27,A639,AMTK,2025-01-20 21:00:00+00,Track 8
20,7277,NJCL,2025-01-20 21:07:00+00,Track 3
21,6941,M&E,2025-01-20 21:11:00+00,Track 4
22,7877,NEC,2025-01-20 21:14:00+00,Track 9
23,7879,NEC,2025-01-20 22:02:00+00,Track 13
24,7281,NJCL,2025-01-20 22:07:00+00,Track 4
25,6943,M&E,2025-01-20 22:11:00+00,Track 3
26,7881,NEC,2025-01-20 22:14:00+00,Track 2
79,6683,M&E,2025-01-21 00:02:00+00,Track 7
28,6907,M&E,2025-01-21 00:34:00+00,Track 4
29,3205,NJCL,2025-01-21 01:00:00+00,Track 9
30,3805,NEC,2025-01-21 01:22:00+00,Track 8
32,A185,AMTK,2025-01-21 09:25:00+00,Track 8
31,3831,NEC,2025-01-21 09:34:00+00,Track 1
33,6231,MOBO,2025-01-21 09:43:00+00,Track 7
34,3231,NJCL,2025-01-21 09:46:00+00,Track 9
35,3833,NEC,2025-01-21 10:01:00+00,Track 4
36,6233,MOBO,2025-01-21 10:29:00+00,Track 1
37,3835,NEC,2025-01-21 10:33:00+00,Track 11
43,A95,AMTK,2025-01-21 10:35:00+00,Track 10
38,5121,RARV,2025-01-21 10:40:00+00,Track 4
39,3235,NJCL,2025-01-21 10:43:00+00,Track 2
49,A2155,AMTK,2025-01-21 11:00:00+00,Track 12
40,3837,NEC,2025-01-21 11:06:00+00,Track 1
41,3239,NJCL,2025-01-21 11:23:00+00,Track 14
42,6237,MOBO,2025-01-21 11:29:00+00,Track 13
47,A125,AMTK,2025-01-21 11:35:00+00,Track 15
44,3839,NEC,2025-01-21 11:37:00+00,Track 4
45,5123,RARV,2025-01-21 11:40:00+00,Track 2
46,6625,M&E,2025-01-21 11:46:00+00,Track 3
48,3841,NEC,2025-01-21 12:01:00+00,Track 8
50,3241,NJCL,2025-01-21 12:12:00+00,Track 13
51,6241,MOBO,2025-01-21 12:29:00+00,Track 4
52,6659,M&E,2025-01-21 18:56:00+00,Track 2
53,3279,NJCL,2025-01-21 19:05:00+00,Track 1
54,6363,M&E,2025-01-21 19:18:00+00,Track 13
55,3879,NEC,2025-01-21 19:20:00+00,Track 10
56,3281,NJCL,2025-01-21 19:24:00+00,Track 9
57,6663,M&E,2025-01-21 19:26:00+00,Track 14
58,6291,MOBO,2025-01-21 19:37:00+00,Track 1
59,A175,AMTK,2025-01-21 19:41:00+00,Track 8
60,3735,NEC,2025-01-21 19:43:00+00,Track 2
61,3965,NEC,2025-01-21 19:47:00+00,Track 3
63,A639,AMTK,2025-01-21 21:00:00+00,Track 9
62,3887,NEC,2025-01-21 21:06:00+00,Track 1
64,3889,NEC,2025-01-21 21:35:00+00,Track 1
65,3289,NJCL,2025-01-21 21:38:00+00,Track 2
66,5155,RARV,2025-01-21 21:48:00+00,Track 4
67,6675,M&E,2025-01-21 21:51:00+00,Track 7
68,3737,NEC,2025-01-21 22:07:00+00,Track 3
69,3979,NEC,2025-01-21 22:11:00+00,Track 10
70,3293,NJCL,2025-01-21 22:23:00+00,Track 9
71,3893,NEC,2025-01-21 22:38:00+00,Track 7
72,6297,MOBO,2025-01-21 22:41:00+00,Track 4
74,5197,RARV,2025-01-21 22:48:00+00,Track 3
75,6679,M&E,2025-01-21 22:56:00+00,Track 1
76,3895,NEC,2025-01-21 23:06:00+00,Track 9
77,3297,NJCL,2025-01-21 23:18:00+00,Track 2
78,6299,MOBO,2025-01-21 23:41:00+00,Track 3
80,A179,AMTK,2025-01-22 00:11:00+00,Track 12
81,3897,NEC,2025-01-22 00:14:00+00,Track 2
82,6201,MOBO,2025-01-22 00:34:00+00,Track 11
83,6601,M&E,2025-01-22 00:56:00+00,Track 8
84,3205,NJCL,2025-01-22 01:00:00+00,Track 2
85,6237,MOBO,2025-01-22 11:29:00+00,Track 8
86,5123,RARV,2025-01-22 11:40:00+00,Track 7
87,6625,M&E,2025-01-22 11:46:00+00,Track 2
97,A131,AMTK,2025-01-22 12:10:00+00,Track 12
88,3241,NJCL,2025-01-22 12:12:00+00,Track 3
89,6241,MOBO,2025-01-22 12:29:00+00,Track 1
91,3843,NEC,2025-01-22 12:35:00+00,Track 13
90,A171,AMTK,2025-01-22 12:40:00+00,Track 15
93,3243,NJCL,2025-01-22 12:43:00+00,Track 2
94,3845,NEC,2025-01-22 13:05:00+00,Track 14
95,5127,RARV,2025-01-22 13:40:00+00,Track 2
96,3247,NJCL,2025-01-22 13:43:00+00,Track 1
98,6631,M&E,2025-01-22 13:51:00+00,Track 14
99,A19,AMTK,2025-01-22 14:00:00+00,Track 15
101,A93,AMTK,2025-01-22 14:02:00+00,Track 10
102,3721,NEC,2025-01-22 15:56:00+00,Track 14
103,A651,AMTK,2025-01-22 16:03:00+00,Track 11
104,6341,M&E,2025-01-22 16:07:00+00,Track 1
105,3595,NJCL,2025-01-22 16:09:00+00,Track 10
106,3943,NEC,2025-01-22 16:13:00+00,Track 13
107,6641,M&E,2025-01-22 16:15:00+00,Track 2
108,A129,AMTK,2025-01-22 16:24:00+00,Track 14
109,3723,NEC,2025-01-22 16:27:00+00,Track 11
110,3361,NJCL,2025-01-22 16:30:00+00,Track 4
111,3861,NEC,2025-01-22 16:33:00+00,Track 13
112,3947,NEC,2025-01-22 16:41:00+00,Track 3
113,6343,M&E,2025-01-22 16:43:00+00,Track 10
114,6643,M&E,2025-01-22 16:46:00+00,Track 12
115,6263,MOBO,2025-01-22 16:52:00+00,Track 1
116,6359,M&E,2025-01-22 18:50:00+00,Track 2
117,6659,M&E,2025-01-22 18:56:00+00,Track 13
118,3279,NJCL,2025-01-22 19:05:00+00,Track 1
119,3879,NEC,2025-01-22 19:20:00+00,Track 11
120,3281,NJCL,2025-01-22 19:24:00+00,Track 2
121,6291,MOBO,2025-01-22 19:37:00+00,Track 1
122,3965,NEC,2025-01-22 19:47:00+00,Track 2
123,6667,M&E,2025-01-22 20:05:00+00,Track 4
124,3883,NEC,2025-01-22 20:07:00+00,Track 13
125,3235,NJCL,2025-01-23 10:43:00+00,Track 10
126,A43,AMTK,2025-01-23 10:52:00+00,Track 13
129,A125,AMTK,2025-01-23 11:35:00+00,Track 14
127,5123,RARV,2025-01-23 11:40:00+00,Track 4
128,6625,M&E,2025-01-23 11:46:00+00,Track 10
130,3841,NEC,2025-01-23 12:01:00+00,Track 9
131,A645,AMTK,2025-01-23 12:05:00+00,Track 7
142,A131,AMTK,2025-01-23 12:10:00+00,Track 13
132,3241,NJCL,2025-01-23 12:12:00+00,Track 3
133,6241,MOBO,2025-01-23 12:29:00+00,Track 4
135,3843,NEC,2025-01-23 12:35:00+00,Track 13
134,A171,AMTK,2025-01-23 12:40:00+00,Track 15
137,3243,NJCL,2025-01-23 12:43:00+00,Track 12
138,6627,M&E,2025-01-23 12:47:00+00,Track 3
139,A609,AMTK,2025-01-23 12:54:00+00,Track 14
140,A2159,AMTK,2025-01-23 13:02:00+00,Track 15
141,3845,NEC,2025-01-23 13:05:00+00,Track 2
143,6245,MOBO,2025-01-23 13:29:00+00,Track 4
144,3847,NEC,2025-01-23 13:32:00+00,Track 9
145,5127,RARV,2025-01-23 13:40:00+00,Track 3
146,3247,NJCL,2025-01-23 13:43:00+00,Track 7
147,A19,AMTK,2025-01-23 14:00:00+00,Track 15
148,A93,AMTK,2025-01-23 14:02:00+00,Track 13
149,A2121,AMTK,2025-01-23 14:15:00+00,Track 8
150,3719,NEC,2025-01-23 14:27:00+00,Track 2
151,6635,M&E,2025-01-23 14:30:00+00,Track 4
152,5179,RARV,2025-01-23 14:40:00+00,Track 3
153,A649,AMTK,2025-01-23 14:44:00+00,Track 10
154,3937,NEC,2025-01-23 15:01:00+00,Track 8
155,A85,AMTK,2025-01-23 15:05:00+00,Track 14
157,3753,NEC,2025-01-23 15:07:00+00,Track 1
158,3509,NJCL,2025-01-23 15:20:00+00,Track 9
159,6339,M&E,2025-01-23 15:22:00+00,Track 3
160,6639,M&E,2025-01-23 15:26:00+00,Track 4
161,3855,NEC,2025-01-23 15:30:00+00,Track 2
162,A137,AMTK,2025-01-23 18:25:00+00,Track 11
163,3275,NJCL,2025-01-23 18:29:00+00,Track 4
164,3175,NEC,2025-01-23 18:37:00+00,Track 1
165,3961,NEC,2025-01-23 18:39:00+00,Track 12
166,6283,MOBO,2025-01-23 18:41:00+00,Track 10
167,A55,AMTK,2025-01-23 18:45:00+00,Track 14
168,3875,NEC,2025-01-23 18:47:00+00,Track 3
169,6659,M&E,2025-01-23 18:56:00+00,Track 2
170,3279,NJCL,2025-01-23 19:05:00+00,Track 4
171,3963,NEC,2025-01-23 19:12:00+00,Track 1
172,6363,M&E,2025-01-23 19:18:00+00,Track 11
173,3879,NEC,2025-01-23 19:20:00+00,Track 9
174,6663,M&E,2025-01-23 19:26:00+00,Track 3
176,6291,MOBO,2025-01-23 19:37:00+00,Track 13
175,A175,AMTK,2025-01-23 19:41:00+00,Track 14
178,3735,NEC,2025-01-23 19:43:00+00,Track 4
179,6667,M&E,2025-01-23 20:05:00+00,Track 2
180,3883,NEC,2025-01-23 20:07:00+00,Track 3
181,A2173,AMTK,2025-01-23 20:12:00+00,Track 13
182,3969,NEC,2025-01-23 20:17:00+00,Track 4
183,3283,NJCL,2025-01-23 20:21:00+00,Track 1
184,A657,AMTK,2025-01-23 20:30:00+00,Track 5
185,6293,MOBO,2025-01-23 20:35:00+00,Track 14
186,3885,NEC,2025-01-23 20:37:00+00,Track 9
351,6683,M&E,2025-01-24 00:02:00+00,Track 4
187,6601,M&E,2025-01-24 00:56:00+00,Track 4
188,3205,NJCL,2025-01-24 01:00:00+00,Track 10
189,3805,NEC,2025-01-24 01:22:00+00,Track 2
190,A151,AMTK,2025-01-24 04:09:00+00,Track 13
191,3809,NEC,2025-01-24 04:13:00+00,Track 12
192,3209,NJCL,2025-01-24 04:28:00+00,Track 9
193,3813,NEC,2025-01-24 05:03:00+00,Track 14
194,3503,NJCL,2025-01-24 05:37:00+00,Track 2
195,3701,NEC,2025-01-24 05:41:00+00,Track 4
196,6209,MOBO,2025-01-24 05:53:00+00,Track 12
197,6305,M&E,2025-01-24 05:58:00+00,Track 10
198,A89,AMTK,2025-01-24 06:02:00+00,Track 13
199,3217,NJCL,2025-01-24 06:20:00+00,Track 1
200,3705,NEC,2025-01-24 06:34:00+00,Track 8
201,3817,NEC,2025-01-24 06:38:00+00,Track 3
202,A51,AMTK,2025-01-24 06:40:00+00,Track 13
203,6307,M&E,2025-01-24 06:41:00+00,Track 10
204,3505,NJCL,2025-01-24 06:47:00+00,Track 2
206,3221,NJCL,2025-01-24 07:01:00+00,Track 1
205,A79,AMTK,2025-01-24 07:04:00+00,Track 12
208,6607,M&E,2025-01-24 07:07:00+00,Track 4
209,3821,NEC,2025-01-24 07:14:00+00,Track 10
210,A641,AMTK,2025-01-24 07:17:00+00,Track 6
211,A183,AMTK,2025-01-24 07:25:00+00,Track 13
213,3709,NEC,2025-01-24 07:31:00+00,Track 4
214,6611,M&E,2025-01-24 07:40:00+00,Track 9
215,3223,NJCL,2025-01-24 07:44:00+00,Track 1
216,6613,M&E,2025-01-24 08:02:00+00,Track 13
217,3825,NEC,2025-01-24 08:12:00+00,Track 4
218,6219,MOBO,2025-01-24 08:14:00+00,Track 12
219,3827,NEC,2025-01-24 08:25:00+00,Track 8
220,3915,NEC,2025-01-24 08:41:00+00,Track 2
221,3227,NJCL,2025-01-24 08:46:00+00,Track 4
224,A2151,AMTK,2025-01-24 09:00:00+00,Track 14
222,3917,NEC,2025-01-24 09:04:00+00,Track 1
223,6227,MOBO,2025-01-24 09:09:00+00,Track 3
225,3829,NEC,2025-01-24 09:19:00+00,Track 2
226,6317,M&E,2025-01-24 09:22:00+00,Track 10
227,A185,AMTK,2025-01-24 09:25:00+00,Track 12
228,A643,AMTK,2025-01-24 09:30:00+00,Track 13
229,3831,NEC,2025-01-24 09:34:00+00,Track 4
230,3231,NJCL,2025-01-24 09:46:00+00,Track 3
231,A2153,AMTK,2025-01-24 10:00:00+00,Track 12
232,6619,M&E,2025-01-24 10:04:00+00,Track 2
233,6233,MOBO,2025-01-24 10:29:00+00,Track 2
234,3835,NEC,2025-01-24 10:33:00+00,Track 3
235,A95,AMTK,2025-01-24 10:35:00+00,Track 11
237,5121,RARV,2025-01-24 10:40:00+00,Track 1
238,3235,NJCL,2025-01-24 10:43:00+00,Track 8
239,6621,M&E,2025-01-24 10:46:00+00,Track 10
241,A43,AMTK,2025-01-24 10:52:00+00,Track 12
242,3837,NEC,2025-01-24 11:06:00+00,Track 9
243,3239,NJCL,2025-01-24 11:23:00+00,Track 1
244,6237,MOBO,2025-01-24 11:29:00+00,Track 2
247,A125,AMTK,2025-01-24 11:35:00+00,Track 14
245,3839,NEC,2025-01-24 11:37:00+00,Track 8
246,5123,RARV,2025-01-24 11:40:00+00,Track 3
248,6625,M&E,2025-01-24 11:46:00+00,Track 4
249,3845,NEC,2025-01-24 13:05:00+00,Track 2
250,6245,MOBO,2025-01-24 13:29:00+00,Track 1
251,5127,RARV,2025-01-24 13:40:00+00,Track 3
252,3247,NJCL,2025-01-24 13:43:00+00,Track 10
253,6631,M&E,2025-01-24 13:51:00+00,Track 4
254,A19,AMTK,2025-01-24 14:00:00+00,Track 9
255,A93,AMTK,2025-01-24 14:02:00+00,Track 12
256,3849,NEC,2025-01-24 14:07:00+00,Track 1
257,A647,AMTK,2025-01-24 14:11:00+00,Track 6
259,3719,NEC,2025-01-24 14:27:00+00,Track 3
260,6635,M&E,2025-01-24 14:30:00+00,Track 2
261,5179,RARV,2025-01-24 14:40:00+00,Track 4
262,A649,AMTK,2025-01-24 14:44:00+00,Track 13
264,3251,NJCL,2025-01-24 14:46:00+00,Track 11
265,6251,MOBO,2025-01-24 14:51:00+00,Track 9
266,A85,AMTK,2025-01-24 15:05:00+00,Track 15
268,3753,NEC,2025-01-24 15:07:00+00,Track 3
269,3509,NJCL,2025-01-24 15:20:00+00,Track 9
270,6339,M&E,2025-01-24 15:22:00+00,Track 1
271,6639,M&E,2025-01-24 15:26:00+00,Track 2
273,3855,NEC,2025-01-24 15:30:00+00,Track 13
274,3857,NEC,2025-01-24 15:42:00+00,Track 4
275,3255,NJCL,2025-01-24 15:44:00+00,Track 15
276,6253,MOBO,2025-01-24 15:47:00+00,Track 3
277,3721,NEC,2025-01-24 15:56:00+00,Track 14
279,A651,AMTK,2025-01-24 16:03:00+00,Track 13
306,A173,AMTK,2025-01-24 16:05:00+00,Track 10
280,3595,NJCL,2025-01-24 16:09:00+00,Track 3
281,3943,NEC,2025-01-24 16:13:00+00,Track 7
282,6641,M&E,2025-01-24 16:15:00+00,Track 2
284,A129,AMTK,2025-01-24 16:24:00+00,Track 12
283,3723,NEC,2025-01-24 16:27:00+00,Track 14
286,3361,NJCL,2025-01-24 16:30:00+00,Track 1
287,3861,NEC,2025-01-24 16:33:00+00,Track 13
288,3947,NEC,2025-01-24 16:41:00+00,Track 4
290,6343,M&E,2025-01-24 16:43:00+00,Track 3
291,6643,M&E,2025-01-24 16:46:00+00,Track 9
292,3165,NEC,2025-01-24 16:50:00+00,Track 14
293,6263,MOBO,2025-01-24 16:52:00+00,Track 2
294,3363,NJCL,2025-01-24 17:01:00+00,Track 10
296,3949,NEC,2025-01-24 17:03:00+00,Track 11
297,3511,NJCL,2025-01-24 17:05:00+00,Track 7
298,A653,AMTK,2025-01-24 17:10:00+00,Track 6
300,3951,NEC,2025-01-24 17:12:00+00,Track 15
301,6647,M&E,2025-01-24 17:14:00+00,Track 1
302,6431,M&E,2025-01-24 17:18:00+00,Track 4
303,3867,NEC,2025-01-24 17:25:00+00,Track 2
304,A193,AMTK,2025-01-24 17:27:00+00,Track 12
305,6273,MOBO,2025-01-24 17:31:00+00,Track 13
308,3267,NJCL,2025-01-24 17:36:00+00,Track 3
310,3271,NJCL,2025-01-24 17:55:00+00,Track 10
309,A2169,AMTK,2025-01-24 18:00:00+00,Track 14
311,3957,NEC,2025-01-24 18:01:00+00,Track 2
312,3373,NJCL,2025-01-24 18:04:00+00,Track 13
313,6437,M&E,2025-01-24 18:10:00+00,Track 1
314,3959,NEC,2025-01-24 18:14:00+00,Track 14
316,6655,M&E,2025-01-24 18:22:00+00,Track 12
315,3275,NJCL,2025-01-24 18:29:00+00,Track 9
317,3175,NEC,2025-01-24 18:37:00+00,Track 8
318,A55,AMTK,2025-01-24 18:45:00+00,Track 5
319,3875,NEC,2025-01-24 18:47:00+00,Track 6
320,6359,M&E,2025-01-24 18:50:00+00,Track 3
321,3279,NJCL,2025-01-24 19:05:00+00,Track 4
322,3963,NEC,2025-01-24 19:12:00+00,Track 13
323,6363,M&E,2025-01-24 19:18:00+00,Track 2
324,3879,NEC,2025-01-24 19:20:00+00,Track 1
325,6291,MOBO,2025-01-24 19:37:00+00,Track 3
330,A175,AMTK,2025-01-24 19:41:00+00,Track 14
326,3735,NEC,2025-01-24 19:43:00+00,Track 7
327,A2173,AMTK,2025-01-24 20:12:00+00,Track 10
328,3969,NEC,2025-01-24 20:17:00+00,Track 1
329,A657,AMTK,2025-01-24 20:30:00+00,Track 8
331,5193,RARV,2025-01-24 20:48:00+00,Track 9
333,A639,AMTK,2025-01-24 21:00:00+00,Track 14
332,3887,NEC,2025-01-24 21:06:00+00,Track 13
334,6295,MOBO,2025-01-24 21:32:00+00,Track 3
335,3889,NEC,2025-01-24 21:35:00+00,Track 10
336,3289,NJCL,2025-01-24 21:38:00+00,Track 4
337,5155,RARV,2025-01-24 21:48:00+00,Track 1
339,6675,M&E,2025-01-24 21:51:00+00,Track 6
340,A177,AMTK,2025-01-24 22:05:00+00,Track 12
341,6677,M&E,2025-01-24 22:13:00+00,Track 3
342,3293,NJCL,2025-01-24 22:23:00+00,Track 9
343,3893,NEC,2025-01-24 22:38:00+00,Track 10
344,6297,MOBO,2025-01-24 22:41:00+00,Track 8
345,5197,RARV,2025-01-24 22:48:00+00,Track 4
346,6679,M&E,2025-01-24 22:56:00+00,Track 2
347,3895,NEC,2025-01-24 23:06:00+00,Track 3
348,3297,NJCL,2025-01-24 23:18:00+00,Track 12
349,A65,AMTK,2025-01-24 23:23:00+00,Track 6
350,6299,MOBO,2025-01-24 23:41:00+00,Track 2
352,A179,AMTK,2025-01-25 00:11:00+00,Track 13
353,3897,NEC,2025-01-25 00:14:00+00,Track 3
354,6201,MOBO,2025-01-25 00:34:00+00,Track 11
355,7801,NEC,2025-01-25 00:43:00+00,Track 6
356,6601,M&E,2025-01-25 00:56:00+00,Track 10
357,7205,NJCL,2025-01-25 01:00:00+00,Track 3
358,7805,NEC,2025-01-25 01:22:00+00,Track 2
359,A151,AMTK,2025-01-25 04:09:00+00,Track 8
360,7813,NEC,2025-01-25 05:10:00+00,Track 13
361,7217,NJCL,2025-01-25 05:53:00+00,Track 7
362,A89,AMTK,2025-01-25 06:02:00+00,Track 13
363,7817,NEC,2025-01-25 06:13:00+00,Track 4
364,A661,AMTK,2025-01-25 07:00:00+00,Track 6
365,A79,AMTK,2025-01-25 07:04:00+00,Track 13
366,6913,M&E,2025-01-25 07:11:00+00,Track 4
367,7821,NEC,2025-01-25 07:14:00+00,Track 1
368,A101,AMTK,2025-01-25 07:49:00+00,Track 8
370,7225,NJCL,2025-01-25 07:53:00+00,Track 2
371,A2203,AMTK,2025-01-25 08:00:00+00,Track 9
373,A153,AMTK,2025-01-25 08:05:00+00,Track 13
374,7625,NJCL,2025-01-25 08:07:00+00,Track 4
375,6915,M&E,2025-01-25 08:11:00+00,Track 1
376,7825,NEC,2025-01-25 08:14:00+00,Track 3
377,A103,AMTK,2025-01-25 08:49:00+00,Track 13
379,7229,NJCL,2025-01-25 08:53:00+00,Track 1
381,A2205,AMTK,2025-01-25 09:00:00+00,Track 15
382,A155,AMTK,2025-01-25 09:05:00+00,Track 10
383,7629,NJCL,2025-01-25 09:07:00+00,Track 2
384,6917,M&E,2025-01-25 09:11:00+00,Track 3
385,A143,AMTK,2025-01-25 09:47:00+00,Track 15
386,7233,NJCL,2025-01-25 09:55:00+00,Track 3
387,A2249,AMTK,2025-01-25 10:03:00+00,Track 14
388,6919,M&E,2025-01-25 10:11:00+00,Track 2
389,7833,NEC,2025-01-25 10:16:00+00,Track 4
390,A43,AMTK,2025-01-25 10:52:00+00,Track 13
392,7237,NJCL,2025-01-25 10:57:00+00,Track 2
393,A195,AMTK,2025-01-25 11:05:00+00,Track 14
395,7637,NJCL,2025-01-25 11:07:00+00,Track 9
396,6921,M&E,2025-01-25 11:11:00+00,Track 4
397,7837,NEC,2025-01-25 11:14:00+00,Track 3
398,A2251,AMTK,2025-01-25 12:00:00+00,Track 13
400,7839,NEC,2025-01-25 12:01:00+00,Track 11
401,6923,M&E,2025-01-25 12:11:00+00,Track 9
402,7841,NEC,2025-01-25 12:14:00+00,Track 4
403,A665,AMTK,2025-01-25 13:05:00+00,Track 5
404,7245,NJCL,2025-01-25 13:07:00+00,Track 3
405,6925,M&E,2025-01-25 13:11:00+00,Track 2
406,7845,NEC,2025-01-25 13:14:00+00,Track 1
407,A99,AMTK,2025-01-25 13:17:00+00,Track 14
408,7847,NEC,2025-01-25 13:55:00+00,Track 10
409,7249,NJCL,2025-01-25 14:07:00+00,Track 12
410,6927,M&E,2025-01-25 14:11:00+00,Track 1
411,7849,NEC,2025-01-25 14:14:00+00,Track 2
426,A97,AMTK,2025-01-25 14:30:00+00,Track 15
413,7851,NEC,2025-01-25 14:55:00+00,Track 4
419,A87,AMTK,2025-01-25 15:04:00+00,Track 15
414,7253,NJCL,2025-01-25 15:07:00+00,Track 3
415,6929,M&E,2025-01-25 15:11:00+00,Track 2
416,A667,AMTK,2025-01-25 15:13:00+00,Track 7
417,7853,NEC,2025-01-25 15:15:00+00,Track 1
418,7855,NEC,2025-01-25 15:52:00+00,Track 10
425,A163,AMTK,2025-01-25 16:05:00+00,Track 9
420,7257,NJCL,2025-01-25 16:07:00+00,Track 2
421,6931,M&E,2025-01-25 16:11:00+00,Track 3
422,7857,NEC,2025-01-25 16:14:00+00,Track 1
428,7859,NEC,2025-01-25 16:54:00+00,Track 12
432,A2255,AMTK,2025-01-25 17:00:00+00,Track 15
430,7661,NJCL,2025-01-25 17:01:00+00,Track 4
431,A159,AMTK,2025-01-25 17:05:00+00,Track 14
434,7261,NJCL,2025-01-25 17:07:00+00,Track 3
435,6933,M&E,2025-01-25 17:11:00+00,Track 2
436,A669,AMTK,2025-01-25 17:17:00+00,Track 5
437,7863,NEC,2025-01-25 17:58:00+00,Track 8
438,A135,AMTK,2025-01-25 18:05:00+00,Track 15
440,7265,NJCL,2025-01-25 18:07:00+00,Track 2
441,6935,M&E,2025-01-25 18:11:00+00,Track 3
442,7865,NEC,2025-01-25 18:16:00+00,Track 4
443,A167,AMTK,2025-01-25 21:05:00+00,Track 10
444,7277,NJCL,2025-01-25 21:07:00+00,Track 1
445,7877,NEC,2025-01-25 21:14:00+00,Track 3
446,7281,NJCL,2025-01-25 22:07:00+00,Track 9
447,6943,M&E,2025-01-25 22:11:00+00,Track 4
448,7883,NEC,2025-01-25 22:57:00+00,Track 9
449,7285,NJCL,2025-01-25 23:07:00+00,Track 2
451,6945,M&E,2025-01-25 23:11:00+00,Track 1
452,7885,NEC,2025-01-25 23:14:00+00,Track 10
453,7201,NJCL,2025-01-26 00:05:00+00,Track 4
454,7887,NEC,2025-01-26 00:14:00+00,Track 10
455,A169,AMTK,2025-01-26 00:20:00+00,Track 12
456,6907,M&E,2025-01-26 00:34:00+00,Track 9
457,7801,NEC,2025-01-26 00:43:00+00,Track 3
458,7205,NJCL,2025-01-26 01:00:00+00,Track 2
459,6909,M&E,2025-01-26 01:19:00+00,Track 12
460,7805,NEC,2025-01-26 01:22:00+00,Track 4
461,6925,M&E,2025-01-26 13:11:00+00,Track 2
462,7845,NEC,2025-01-26 13:14:00+00,Track 1
463,A99,AMTK,2025-01-26 13:19:00+00,Track 12
465,A2265,AMTK,2025-01-26 13:31:00+00,Track 15
466,7847,NEC,2025-01-26 13:55:00+00,Track 8
467,A19,AMTK,2025-01-26 14:00:00+00,Track 13
468,A161,AMTK,2025-01-26 14:05:00+00,Track 15
469,A2247,AMTK,2025-01-26 14:10:00+00,Track 10
470,7849,NEC,2025-01-26 14:14:00+00,Track 3
471,A97,AMTK,2025-01-26 14:33:00+00,Track 13
472,7851,NEC,2025-01-26 14:55:00+00,Track 1
473,A87,AMTK,2025-01-26 15:04:00+00,Track 15
475,7253,NJCL,2025-01-26 15:07:00+00,Track 12
476,6929,M&E,2025-01-26 15:11:00+00,Track 2
477,A667,AMTK,2025-01-26 15:13:00+00,Track 5
480,7853,NEC,2025-01-26 15:15:00+00,Track 8
481,7855,NEC,2025-01-26 15:52:00+00,Track 3
482,7657,NJCL,2025-01-26 15:56:00+00,Track 10
483,A189,AMTK,2025-01-26 16:05:00+00,Track 12
485,7257,NJCL,2025-01-26 16:07:00+00,Track 9
486,6931,M&E,2025-01-26 16:11:00+00,Track 1
487,7857,NEC,2025-01-26 16:14:00+00,Track 2
488,7859,NEC,2025-01-26 16:54:00+00,Track 11
489,A2255,AMTK,2025-01-26 17:00:00+00,Track 13
490,7661,NJCL,2025-01-26 17:01:00+00,Track 3
491,7261,NJCL,2025-01-26 17:07:00+00,Track 1
492,6933,M&E,2025-01-26 17:11:00+00,Track 2
493,7861,NEC,2025-01-26 17:14:00+00,Track 12
494,A669,AMTK,2025-01-26 17:17:00+00,Track 10
495,7665,NJCL,2025-01-26 18:01:00+00,Track 14
496,7865,NEC,2025-01-26 18:16:00+00,Track 2
497,A107,AMTK,2025-01-26 18:33:00+00,Track 11
499,7273,NJCL,2025-01-26 20:07:00+00,Track 2
500,6939,M&E,2025-01-26 20:11:00+00,Track 13
501,7873,NEC,2025-01-26 20:14:00+00,Track 3
503,A2259,AMTK,2025-01-26 20:24:00+00,Track 14
504,7875,NEC,2025-01-26 20:55:00+00,Track 11
505,7277,NJCL,2025-01-26 21:07:00+00,Track 2
506,6941,M&E,2025-01-26 21:11:00+00,Track 4
507,A2275,AMTK,2025-01-26 21:20:00+00,Track 14
509,A139,AMTK,2025-01-26 21:22:00+00,Track 15
510,A123,AMTK,2025-01-26 21:49:00+00,Track 10
512,7879,NEC,2025-01-26 22:02:00+00,Track 9
513,6943,M&E,2025-01-26 22:11:00+00,Track 4
514,7881,NEC,2025-01-26 22:14:00+00,Track 13
515,7883,NEC,2025-01-26 22:57:00+00,Track 10
516,7285,NJCL,2025-01-26 23:07:00+00,Track 1
517,6945,M&E,2025-01-26 23:11:00+00,Track 4
518,7885,NEC,2025-01-26 23:14:00+00,Track 3
519,A67,AMTK,2025-01-26 23:23:00+00,Track 14
520,A637,AMTK,2025-01-26 23:58:00+00,Track 13
521,3201,NJCL,2025-01-27 00:05:00+00,Track 2
522,7887,NEC,2025-01-27 00:14:00+00,Track 3
523,A169,AMTK,2025-01-27 00:20:00+00,Track 12
524,6907,M&E,2025-01-27 00:34:00+00,Track 4
525,3205,NJCL,2025-01-27 01:00:00+00,Track 1
526,A2159,AMTK,2025-01-27 13:02:00+00,Track 15
527,3845,NEC,2025-01-27 13:05:00+00,Track 3
528,5179,RARV,2025-01-27 14:40:00+00,Track 2
529,A649,AMTK,2025-01-27 14:44:00+00,Track 14
530,6655,M&E,2025-01-27 18:22:00+00,Track 13
531,A655,AMTK,2025-01-27 18:35:00+00,Track 6
532,6283,MOBO,2025-01-27 18:41:00+00,Track 9
533,3887,NEC,2025-01-27 21:06:00+00,Track 2
534,6295,MOBO,2025-01-27 21:32:00+00,Track 1
535,3889,NEC,2025-01-27 21:35:00+00,Track 13
536,3289,NJCL,2025-01-27 21:38:00+00,Track 4
537,5155,RARV,2025-01-27 21:48:00+00,Track 2
538,6675,M&E,2025-01-27 21:51:00+00,Track 7
539,A177,AMTK,2025-01-27 22:05:00+00,Track 8
541,3737,NEC,2025-01-27 22:07:00+00,Track 3
542,3979,NEC,2025-01-27 22:11:00+00,Track 9
543,6677,M&E,2025-01-27 22:13:00+00,Track 1
544,3893,NEC,2025-01-27 22:38:00+00,Track 7
545,6297,MOBO,2025-01-27 22:41:00+00,Track 3
546,5197,RARV,2025-01-27 22:48:00+00,Track 8
547,6679,M&E,2025-01-27 22:56:00+00,Track 2
548,3895,NEC,2025-01-27 23:06:00+00,Track 1
549,3297,NJCL,2025-01-27 23:18:00+00,Track 4
550,6299,MOBO,2025-01-27 23:41:00+00,Track 2
551,6683,M&E,2025-01-28 00:02:00+00,Track 9
552,3201,NJCL,2025-01-28 00:05:00+00,Track 3
553,A179,AMTK,2025-01-28 00:11:00+00,Track 12
555,3897,NEC,2025-01-28 00:14:00+00,Track 7
556,6201,MOBO,2025-01-28 00:34:00+00,Track 2
557,6601,M&E,2025-01-28 00:56:00+00,Track 10
558,3205,NJCL,2025-01-28 01:00:00+00,Track 9
559,3805,NEC,2025-01-28 01:22:00+00,Track 4
560,6241,MOBO,2025-01-28 12:29:00+00,Track 3
561,3843,NEC,2025-01-28 12:35:00+00,Track 4
565,A171,AMTK,2025-01-28 12:40:00+00,Track 14
562,3243,NJCL,2025-01-28 12:43:00+00,Track 9
563,5175,RARV,2025-01-28 12:45:00+00,Track 1
564,6627,M&E,2025-01-28 12:47:00+00,Track 2
566,A609,AMTK,2025-01-28 12:54:00+00,Track 7
567,5197,RARV,2025-01-29 22:48:00+00,Track 11
568,6679,M&E,2025-01-29 22:56:00+00,Track 4
569,3895,NEC,2025-01-29 23:06:00+00,Track 2
570,3201,NJCL,2025-01-30 00:05:00+00,Track 8
571,A179,AMTK,2025-01-30 00:11:00+00,Track 11
572,3897,NEC,2025-01-30 00:14:00+00,Track 7
573,6201,MOBO,2025-01-30 00:34:00+00,Track 1
574,3205,NJCL,2025-01-30 01:00:00+00,Track 8
575,3805,NEC,2025-01-30 01:22:00+00,Track 2
576,A151,AMTK,2025-01-30 04:09:00+00,Track 11
577,3809,NEC,2025-01-30 04:13:00+00,Track 13
579,A111,AMTK,2025-01-30 04:50:00+00,Track 7
580,3813,NEC,2025-01-30 05:03:00+00,Track 9
581,A2103,AMTK,2025-01-30 05:25:00+00,Track 12
582,3215,NJCL,2025-01-30 05:32:00+00,Track 7
583,3503,NJCL,2025-01-30 05:37:00+00,Track 2
584,3701,NEC,2025-01-30 05:41:00+00,Track 4
585,A181,AMTK,2025-01-30 05:45:00+00,Track 11
586,6209,MOBO,2025-01-30 05:53:00+00,Track 9
587,A89,AMTK,2025-01-30 06:02:00+00,Track 12
588,3815,NEC,2025-01-30 06:06:00+00,Track 1
589,3217,NJCL,2025-01-30 06:20:00+00,Track 2
590,A2107,AMTK,2025-01-30 06:27:00+00,Track 10
592,3705,NEC,2025-01-30 06:34:00+00,Track 8
594,3817,NEC,2025-01-30 06:38:00+00,Track 4
595,6307,M&E,2025-01-30 06:41:00+00,Track 11
596,3505,NJCL,2025-01-30 06:47:00+00,Track 1
597,6213,MOBO,2025-01-30 06:50:00+00,Track 3
598,3221,NJCL,2025-01-30 07:01:00+00,Track 2
599,A79,AMTK,2025-01-30 07:04:00+00,Track 12
601,6607,M&E,2025-01-30 07:07:00+00,Track 4
602,3821,NEC,2025-01-30 07:14:00+00,Track 10
603,A641,AMTK,2025-01-30 07:17:00+00,Track 6
604,A183,AMTK,2025-01-30 07:25:00+00,Track 13
605,6215,MOBO,2025-01-30 07:29:00+00,Track 1
606,3709,NEC,2025-01-30 07:31:00+00,Track 2
607,3223,NJCL,2025-01-30 07:44:00+00,Track 4
608,3823,NEC,2025-01-30 07:56:00+00,Track 2
609,3713,NEC,2025-01-30 08:05:00+00,Track 3
610,3825,NEC,2025-01-30 08:12:00+00,Track 8
611,6219,MOBO,2025-01-30 08:14:00+00,Track 13
612,A141,AMTK,2025-01-30 08:25:00+00,Track 4
613,6315,M&E,2025-01-30 08:28:00+00,Track 12
614,6617,M&E,2025-01-30 08:38:00+00,Track 2
615,3227,NJCL,2025-01-30 08:46:00+00,Track 3
616,A2151,AMTK,2025-01-30 09:00:00+00,Track 13
617,6227,MOBO,2025-01-30 09:09:00+00,Track 1
618,3829,NEC,2025-01-30 09:19:00+00,Track 4
619,A185,AMTK,2025-01-30 09:25:00+00,Track 8
620,A643,AMTK,2025-01-30 09:30:00+00,Track 5
621,3831,NEC,2025-01-30 09:34:00+00,Track 3
622,6231,MOBO,2025-01-30 09:43:00+00,Track 10
623,3231,NJCL,2025-01-30 09:46:00+00,Track 9
624,6619,M&E,2025-01-30 10:04:00+00,Track 1
625,6233,MOBO,2025-01-30 10:29:00+00,Track 9
626,3835,NEC,2025-01-30 10:33:00+00,Track 2
627,A95,AMTK,2025-01-30 10:35:00+00,Track 13
628,5121,RARV,2025-01-30 10:40:00+00,Track 5
629,3235,NJCL,2025-01-30 10:43:00+00,Track 3
630,6621,M&E,2025-01-30 10:46:00+00,Track 4
631,A43,AMTK,2025-01-30 10:52:00+00,Track 12
632,A119,AMTK,2025-01-30 11:02:00+00,Track 8
633,A55,AMTK,2025-01-30 18:45:00+00,Track 11
634,3875,NEC,2025-01-30 18:47:00+00,Track 2
635,6659,M&E,2025-01-30 18:56:00+00,Track 4
636,3963,NEC,2025-01-30 19:12:00+00,Track 1
637,3879,NEC,2025-01-30 19:20:00+00,Track 9
638,6663,M&E,2025-01-30 19:26:00+00,Track 3
639,6291,MOBO,2025-01-30 19:37:00+00,Track 13
640,3735,NEC,2025-01-30 19:43:00+00,Track 4
641,3965,NEC,2025-01-30 19:47:00+00,Track 1
642,6667,M&E,2025-01-30 20:05:00+00,Track 2
643,3883,NEC,2025-01-30 20:07:00+00,Track 6
644,A2173,AMTK,2025-01-30 20:12:00+00,Track 12
645,3969,NEC,2025-01-30 20:17:00+00,Track 1
646,3283,NJCL,2025-01-30 20:21:00+00,Track 4
647,A657,AMTK,2025-01-30 20:30:00+00,Track 10
648,6293,MOBO,2025-01-30 20:35:00+00,Track 14
649,3285,NJCL,2025-01-30 20:41:00+00,Track 6
650,5193,RARV,2025-01-30 20:48:00+00,Track 2
651,5123,RARV,2025-01-31 11:40:00+00,Track 1
652,6625,M&E,2025-01-31 11:46:00+00,Track 2
653,3841,NEC,2025-01-31 12:01:00+00,Track 7
654,A645,AMTK,2025-01-31 12:05:00+00,Track 13
655,A131,AMTK,2025-01-31 12:10:00+00,Track 8
656,A19,AMTK,2025-01-31 14:00:00+00,Track 12
657,A93,AMTK,2025-01-31 14:02:00+00,Track 15
658,3849,NEC,2025-01-31 14:07:00+00,Track 2
659,A647,AMTK,2025-01-31 14:11:00+00,Track 13
660,A2121,AMTK,2025-01-31 14:15:00+00,Track 7
661,6929,M&E,2025-02-02 15:11:00+00,Track 11
662,A667,AMTK,2025-02-02 15:13:00+00,Track 13
663,7853,NEC,2025-02-02 15:15:00+00,Track 2
664,7657,NJCL,2025-02-02 15:56:00+00,Track 3
665,A189,AMTK,2025-02-02 16:05:00+00,Track 13
667,7257,NJCL,2025-02-02 16:07:00+00,Track 10
668,6931,M&E,2025-02-02 16:11:00+00,Track 11
669,7857,NEC,2025-02-02 16:14:00+00,Track 2
670,7859,NEC,2025-02-02 16:54:00+00,Track 4
671,A149,AMTK,2025-02-02 17:05:00+00,Track 12
672,A2259,AMTK,2025-02-02 20:24:00+00,Track 14
673,7875,NEC,2025-02-02 20:55:00+00,Track 7
675,A2275,AMTK,2025-02-02 21:20:00+00,Track 15
677,A139,AMTK,2025-02-02 21:22:00+00,Track 14
678,A123,AMTK,2025-02-02 21:49:00+00,Track 12
679,6237,MOBO,2025-02-03 11:29:00+00,Track 3
682,A125,AMTK,2025-02-03 11:35:00+00,Track 14
680,3839,NEC,2025-02-03 11:37:00+00,Track 1
681,5123,RARV,2025-02-03 11:40:00+00,Track 4
683,3841,NEC,2025-02-03 12:01:00+00,Track 1
684,A645,AMTK,2025-02-03 12:05:00+00,Track 15
685,A131,AMTK,2025-02-03 12:10:00+00,Track 13
687,3241,NJCL,2025-02-03 12:12:00+00,Track 2
688,6241,MOBO,2025-02-03 12:29:00+00,Track 7
689,3843,NEC,2025-02-03 12:35:00+00,Track 4
691,6627,M&E,2025-02-03 12:47:00+00,Track 2
692,3255,NJCL,2025-02-03 15:44:00+00,Track 15
694,6253,MOBO,2025-02-03 15:47:00+00,Track 3
695,3721,NEC,2025-02-03 15:56:00+00,Track 14
696,A651,AMTK,2025-02-03 16:03:00+00,Track 6
701,A173,AMTK,2025-02-03 16:05:00+00,Track 12
697,6341,M&E,2025-02-03 16:07:00+00,Track 2
698,3595,NJCL,2025-02-03 16:09:00+00,Track 1
699,3943,NEC,2025-02-03 16:13:00+00,Track 9
700,6641,M&E,2025-02-03 16:15:00+00,Track 10
702,A129,AMTK,2025-02-03 16:24:00+00,Track 13
703,3723,NEC,2025-02-03 16:27:00+00,Track 14
704,3861,NEC,2025-02-03 16:33:00+00,Track 11
705,3947,NEC,2025-02-03 16:41:00+00,Track 3
706,6343,M&E,2025-02-03 16:43:00+00,Track 6
709,6643,M&E,2025-02-03 16:46:00+00,Track 2
710,3165,NEC,2025-02-03 16:50:00+00,Track 15
711,6263,MOBO,2025-02-03 16:52:00+00,Track 1
712,3871,NEC,2025-02-03 17:50:00+00,Track 12
713,6653,M&E,2025-02-03 17:52:00+00,Track 2
714,3271,NJCL,2025-02-03 17:55:00+00,Track 3
715,3957,NEC,2025-02-03 18:01:00+00,Track 9
716,3373,NJCL,2025-02-03 18:04:00+00,Track 13
717,6437,M&E,2025-02-03 18:10:00+00,Track 10
718,6279,MOBO,2025-02-03 18:12:00+00,Track 8
719,3959,NEC,2025-02-03 18:14:00+00,Track 6
720,3873,NEC,2025-02-03 18:16:00+00,Track 12
721,3515,NJCL,2025-02-03 18:18:00+00,Track 4
722,6355,M&E,2025-02-03 18:20:00+00,Track 2
723,6655,M&E,2025-02-03 18:22:00+00,Track 13
730,A137,AMTK,2025-02-03 18:25:00+00,Track 8
724,3275,NJCL,2025-02-03 18:29:00+00,Track 1
725,A655,AMTK,2025-02-03 18:35:00+00,Track 5
726,3175,NEC,2025-02-03 18:37:00+00,Track 3
727,3961,NEC,2025-02-03 18:39:00+00,Track 9
728,6283,MOBO,2025-02-03 18:41:00+00,Track 6
729,A55,AMTK,2025-02-03 18:45:00+00,Track 13
732,3875,NEC,2025-02-03 18:47:00+00,Track 10
733,6359,M&E,2025-02-03 18:50:00+00,Track 4
734,6659,M&E,2025-02-03 18:56:00+00,Track 1
735,3279,NJCL,2025-02-03 19:05:00+00,Track 2
736,3963,NEC,2025-02-03 19:12:00+00,Track 3
737,6363,M&E,2025-02-03 19:18:00+00,Track 4
738,3281,NJCL,2025-02-03 19:24:00+00,Track 10
739,6663,M&E,2025-02-03 19:26:00+00,Track 1
740,6291,MOBO,2025-02-03 19:37:00+00,Track 2
741,A175,AMTK,2025-02-03 19:41:00+00,Track 15
742,3735,NEC,2025-02-03 19:43:00+00,Track 11
744,6237,MOBO,2025-02-04 11:29:00+00,Track 4
745,3839,NEC,2025-02-04 11:37:00+00,Track 1
746,5123,RARV,2025-02-04 11:40:00+00,Track 10
747,6625,M&E,2025-02-04 11:46:00+00,Track 3
748,3841,NEC,2025-02-04 12:01:00+00,Track 8
750,A645,AMTK,2025-02-04 12:05:00+00,Track 15
749,A131,AMTK,2025-02-04 12:10:00+00,Track 11
751,3241,NJCL,2025-02-04 12:12:00+00,Track 2
752,6241,MOBO,2025-02-04 12:29:00+00,Track 3
753,3843,NEC,2025-02-04 12:35:00+00,Track 12
754,A171,AMTK,2025-02-04 12:40:00+00,Track 13
755,5175,RARV,2025-02-04 12:45:00+00,Track 1
756,6627,M&E,2025-02-04 12:47:00+00,Track 2
757,3845,NEC,2025-02-04 13:05:00+00,Track 8
758,6245,MOBO,2025-02-04 13:29:00+00,Track 2
759,5127,RARV,2025-02-04 13:40:00+00,Track 4
760,3247,NJCL,2025-02-04 13:43:00+00,Track 1
761,A133,AMTK,2025-02-04 13:49:00+00,Track 10
762,6631,M&E,2025-02-04 13:51:00+00,Track 3
763,A19,AMTK,2025-02-04 14:00:00+00,Track 13
764,A93,AMTK,2025-02-04 14:02:00+00,Track 12
768,3849,NEC,2025-02-04 14:07:00+00,Track 4
767,A647,AMTK,2025-02-04 14:11:00+00,Track 7
770,A2121,AMTK,2025-02-04 14:15:00+00,Track 8
771,3719,NEC,2025-02-04 14:27:00+00,Track 1
772,6635,M&E,2025-02-04 14:30:00+00,Track 2
773,5179,RARV,2025-02-04 14:40:00+00,Track 3
774,A649,AMTK,2025-02-04 14:44:00+00,Track 15
775,3937,NEC,2025-02-04 15:01:00+00,Track 1
776,A85,AMTK,2025-02-04 15:05:00+00,Track 12
777,3753,NEC,2025-02-04 15:07:00+00,Track 10
778,3509,NJCL,2025-02-04 15:20:00+00,Track 7
779,6339,M&E,2025-02-04 15:22:00+00,Track 11
780,6639,M&E,2025-02-04 15:26:00+00,Track 4
781,3857,NEC,2025-02-04 15:42:00+00,Track 9
782,3255,NJCL,2025-02-04 15:44:00+00,Track 12
783,6253,MOBO,2025-02-04 15:47:00+00,Track 2
784,A651,AMTK,2025-02-04 16:03:00+00,Track 14
785,A173,AMTK,2025-02-04 16:05:00+00,Track 12
786,6341,M&E,2025-02-04 16:07:00+00,Track 1
787,3943,NEC,2025-02-04 16:13:00+00,Track 10
788,6641,M&E,2025-02-04 16:15:00+00,Track 11
789,A85,AMTK,2025-02-05 15:05:00+00,Track 14
790,3857,NEC,2025-02-05 15:42:00+00,Track 10
791,3255,NJCL,2025-02-05 15:44:00+00,Track 15
792,6253,MOBO,2025-02-05 15:47:00+00,Track 3
896,6683,M&E,2025-02-06 00:02:00+00,Track 10
897,3201,NJCL,2025-02-06 00:05:00+00,Track 8
793,6201,MOBO,2025-02-06 00:34:00+00,Track 12
794,6601,M&E,2025-02-06 00:56:00+00,Track 9
797,A125,AMTK,2025-02-06 11:35:00+00,Track 13
795,5123,RARV,2025-02-06 11:40:00+00,Track 3
796,6625,M&E,2025-02-06 11:46:00+00,Track 4
798,3841,NEC,2025-02-06 12:01:00+00,Track 9
799,A645,AMTK,2025-02-06 12:05:00+00,Track 15
800,A131,AMTK,2025-02-06 12:10:00+00,Track 10
802,3241,NJCL,2025-02-06 12:12:00+00,Track 8
803,6241,MOBO,2025-02-06 12:29:00+00,Track 1
804,3843,NEC,2025-02-06 12:35:00+00,Track 2
805,5175,RARV,2025-02-06 12:45:00+00,Track 7
806,6627,M&E,2025-02-06 12:47:00+00,Track 9
807,A609,AMTK,2025-02-06 12:54:00+00,Track 6
809,A2159,AMTK,2025-02-06 13:02:00+00,Track 15
808,3845,NEC,2025-02-06 13:05:00+00,Track 3
810,6245,MOBO,2025-02-06 13:29:00+00,Track 2
811,3847,NEC,2025-02-06 13:32:00+00,Track 1
812,5179,RARV,2025-02-06 14:40:00+00,Track 4
813,A649,AMTK,2025-02-06 14:44:00+00,Track 15
814,3251,NJCL,2025-02-06 14:46:00+00,Track 13
815,6251,MOBO,2025-02-06 14:51:00+00,Track 11
817,A2163,AMTK,2025-02-06 15:00:00+00,Track 15
818,3937,NEC,2025-02-06 15:01:00+00,Track 3
816,A85,AMTK,2025-02-06 15:05:00+00,Track 14
820,3753,NEC,2025-02-06 15:07:00+00,Track 9
821,6339,M&E,2025-02-06 15:22:00+00,Track 2
822,6639,M&E,2025-02-06 15:26:00+00,Track 10
823,3855,NEC,2025-02-06 15:30:00+00,Track 4
824,3857,NEC,2025-02-06 15:42:00+00,Track 1
825,3255,NJCL,2025-02-06 15:44:00+00,Track 15
826,3721,NEC,2025-02-06 15:56:00+00,Track 14
827,A651,AMTK,2025-02-06 16:03:00+00,Track 13
829,A173,AMTK,2025-02-06 16:05:00+00,Track 11
830,6341,M&E,2025-02-06 16:07:00+00,Track 9
831,3595,NJCL,2025-02-06 16:09:00+00,Track 4
832,3943,NEC,2025-02-06 16:13:00+00,Track 12
833,6641,M&E,2025-02-06 16:15:00+00,Track 8
834,A129,AMTK,2025-02-06 16:24:00+00,Track 14
836,3723,NEC,2025-02-06 16:27:00+00,Track 10
837,3361,NJCL,2025-02-06 16:30:00+00,Track 2
838,3861,NEC,2025-02-06 16:33:00+00,Track 13
839,3947,NEC,2025-02-06 16:41:00+00,Track 3
840,6343,M&E,2025-02-06 16:43:00+00,Track 7
842,6643,M&E,2025-02-06 16:46:00+00,Track 4
843,3165,NEC,2025-02-06 16:50:00+00,Track 12
844,6263,MOBO,2025-02-06 16:52:00+00,Track 1
845,3363,NJCL,2025-02-06 17:01:00+00,Track 14
846,3949,NEC,2025-02-06 17:03:00+00,Track 2
847,3511,NJCL,2025-02-06 17:05:00+00,Track 9
848,3725,NEC,2025-02-06 17:08:00+00,Track 13
849,A653,AMTK,2025-02-06 17:10:00+00,Track 6
850,3951,NEC,2025-02-06 17:12:00+00,Track 15
851,6647,M&E,2025-02-06 17:14:00+00,Track 10
852,6431,M&E,2025-02-06 17:18:00+00,Track 4
853,3265,NJCL,2025-02-06 17:20:00+00,Track 14
854,3867,NEC,2025-02-06 17:25:00+00,Track 1
855,A193,AMTK,2025-02-06 17:27:00+00,Track 13
856,3513,NJCL,2025-02-06 17:29:00+00,Track 12
857,6273,MOBO,2025-02-06 17:31:00+00,Track 3
858,6351,M&E,2025-02-06 17:34:00+00,Track 9
859,3267,NJCL,2025-02-06 17:36:00+00,Track 4
861,3953,NEC,2025-02-06 17:40:00+00,Track 2
860,6651,M&E,2025-02-06 17:42:00+00,Track 8
863,3727,NEC,2025-02-06 17:44:00+00,Track 11
864,3871,NEC,2025-02-06 17:50:00+00,Track 14
865,3271,NJCL,2025-02-06 17:55:00+00,Track 1
866,A2169,AMTK,2025-02-06 18:00:00+00,Track 12
867,3957,NEC,2025-02-06 18:01:00+00,Track 3
868,3373,NJCL,2025-02-06 18:04:00+00,Track 7
869,A197,AMTK,2025-02-06 18:06:00+00,Track 13
870,A655,AMTK,2025-02-06 18:35:00+00,Track 5
871,3175,NEC,2025-02-06 18:37:00+00,Track 3
872,3961,NEC,2025-02-06 18:39:00+00,Track 14
873,6283,MOBO,2025-02-06 18:41:00+00,Track 4
874,A55,AMTK,2025-02-06 18:45:00+00,Track 13
876,3875,NEC,2025-02-06 18:47:00+00,Track 10
877,6359,M&E,2025-02-06 18:50:00+00,Track 1
878,6659,M&E,2025-02-06 18:56:00+00,Track 2
879,3279,NJCL,2025-02-06 19:05:00+00,Track 4
880,3963,NEC,2025-02-06 19:12:00+00,Track 3
881,6363,M&E,2025-02-06 19:18:00+00,Track 8
883,3879,NEC,2025-02-06 19:20:00+00,Track 9
884,6291,MOBO,2025-02-06 19:37:00+00,Track 10
885,3735,NEC,2025-02-06 19:43:00+00,Track 3
887,A177,AMTK,2025-02-06 22:05:00+00,Track 13
886,6677,M&E,2025-02-06 22:13:00+00,Track 3
888,3293,NJCL,2025-02-06 22:23:00+00,Track 11
889,3893,NEC,2025-02-06 22:38:00+00,Track 10
890,6297,MOBO,2025-02-06 22:41:00+00,Track 8
891,5197,RARV,2025-02-06 22:48:00+00,Track 4
892,6679,M&E,2025-02-06 22:56:00+00,Track 12
893,3895,NEC,2025-02-06 23:06:00+00,Track 3
894,3297,NJCL,2025-02-06 23:18:00+00,Track 2
895,6299,MOBO,2025-02-06 23:41:00+00,Track 1
898,3897,NEC,2025-02-07 00:14:00+00,Track 9
899,5179,RARV,2025-02-07 14:40:00+00,Track 1
900,A649,AMTK,2025-02-07 14:44:00+00,Track 15
902,3251,NJCL,2025-02-07 14:46:00+00,Track 9
903,6251,MOBO,2025-02-07 14:51:00+00,Track 7
904,3937,NEC,2025-02-07 15:01:00+00,Track 10
905,A85,AMTK,2025-02-07 15:05:00+00,Track 14
906,A651,AMTK,2025-02-07 16:03:00+00,Track 14
907,A173,AMTK,2025-02-07 16:05:00+00,Track 12
908,6341,M&E,2025-02-07 16:07:00+00,Track 3
909,3595,NJCL,2025-02-07 16:09:00+00,Track 10
910,3943,NEC,2025-02-07 16:13:00+00,Track 11
911,6641,M&E,2025-02-07 16:15:00+00,Track 8
912,A129,AMTK,2025-02-07 16:24:00+00,Track 9
913,3723,NEC,2025-02-07 16:27:00+00,Track 13
914,3361,NJCL,2025-02-07 16:30:00+00,Track 2
915,3861,NEC,2025-02-07 16:33:00+00,Track 14
916,3947,NEC,2025-02-07 16:41:00+00,Track 4
917,3165,NEC,2025-02-07 16:50:00+00,Track 12
918,6263,MOBO,2025-02-07 16:52:00+00,Track 1
919,3363,NJCL,2025-02-07 17:01:00+00,Track 13
920,3511,NJCL,2025-02-07 17:05:00+00,Track 2
921,3725,NEC,2025-02-07 17:08:00+00,Track 14
922,A653,AMTK,2025-02-07 17:10:00+00,Track 6
925,3951,NEC,2025-02-07 17:12:00+00,Track 15
926,6647,M&E,2025-02-07 17:14:00+00,Track 3
927,6431,M&E,2025-02-07 17:18:00+00,Track 4
928,3265,NJCL,2025-02-07 17:20:00+00,Track 12
930,3867,NEC,2025-02-07 17:25:00+00,Track 1
931,A193,AMTK,2025-02-07 17:27:00+00,Track 10
932,3513,NJCL,2025-02-07 17:29:00+00,Track 13
933,6273,MOBO,2025-02-07 17:31:00+00,Track 9
934,6351,M&E,2025-02-07 17:34:00+00,Track 2
935,3267,NJCL,2025-02-07 17:36:00+00,Track 6
936,3953,NEC,2025-02-07 17:40:00+00,Track 8
937,6651,M&E,2025-02-07 17:42:00+00,Track 3
940,3727,NEC,2025-02-07 17:44:00+00,Track 14
941,6653,M&E,2025-02-07 17:52:00+00,Track 4
942,3271,NJCL,2025-02-07 17:55:00+00,Track 1
944,3373,NJCL,2025-02-07 18:04:00+00,Track 13
943,A197,AMTK,2025-02-07 18:06:00+00,Track 11
946,6437,M&E,2025-02-07 18:10:00+00,Track 2
947,6279,MOBO,2025-02-07 18:12:00+00,Track 3
949,3959,NEC,2025-02-07 18:14:00+00,Track 14
950,3873,NEC,2025-02-07 18:16:00+00,Track 9
951,3515,NJCL,2025-02-07 18:18:00+00,Track 4
952,6355,M&E,2025-02-07 18:20:00+00,Track 1
953,6655,M&E,2025-02-07 18:22:00+00,Track 13
954,3275,NJCL,2025-02-07 18:29:00+00,Track 8
955,A655,AMTK,2025-02-07 18:35:00+00,Track 5
956,3175,NEC,2025-02-07 18:37:00+00,Track 11
957,3961,NEC,2025-02-07 18:39:00+00,Track 3
958,6283,MOBO,2025-02-07 18:41:00+00,Track 12
959,A55,AMTK,2025-02-07 18:45:00+00,Track 14
960,3875,NEC,2025-02-07 18:47:00+00,Track 9
961,6659,M&E,2025-02-07 18:56:00+00,Track 2
962,7841,NEC,2025-02-08 12:14:00+00,Track 1
963,A147,AMTK,2025-02-08 12:50:00+00,Track 14
965,A665,AMTK,2025-02-08 13:05:00+00,Track 7
966,6925,M&E,2025-02-08 13:11:00+00,Track 10
967,7845,NEC,2025-02-08 13:14:00+00,Track 1
968,A99,AMTK,2025-02-08 13:19:00+00,Track 15
969,A669,AMTK,2025-02-08 17:17:00+00,Track 11
970,7863,NEC,2025-02-08 17:58:00+00,Track 13
972,7665,NJCL,2025-02-08 18:01:00+00,Track 4
973,7265,NJCL,2025-02-08 18:07:00+00,Track 2
974,6935,M&E,2025-02-08 18:11:00+00,Track 10
975,7865,NEC,2025-02-08 18:16:00+00,Track 3
976,6341,M&E,2025-02-10 16:07:00+00,Track 4
977,3595,NJCL,2025-02-10 16:09:00+00,Track 11
978,3943,NEC,2025-02-10 16:13:00+00,Track 13
979,6641,M&E,2025-02-10 16:15:00+00,Track 3
981,A129,AMTK,2025-02-10 16:24:00+00,Track 10
982,3723,NEC,2025-02-10 16:27:00+00,Track 12
984,3361,NJCL,2025-02-10 16:30:00+00,Track 2
985,3861,NEC,2025-02-10 16:33:00+00,Track 8
986,3947,NEC,2025-02-10 16:41:00+00,Track 7
987,6343,M&E,2025-02-10 16:43:00+00,Track 4
988,6643,M&E,2025-02-10 16:46:00+00,Track 11
989,3201,NJCL,2025-02-12 00:05:00+00,Track 9
990,3897,NEC,2025-02-12 00:14:00+00,Track 11
991,6201,MOBO,2025-02-12 00:34:00+00,Track 12
992,6601,M&E,2025-02-12 00:56:00+00,Track 10
993,3205,NJCL,2025-02-12 01:00:00+00,Track 11
994,6241,MOBO,2025-02-12 12:29:00+00,Track 2
995,A171,AMTK,2025-02-12 12:40:00+00,Track 12
996,3243,NJCL,2025-02-12 12:43:00+00,Track 1
997,5175,RARV,2025-02-12 12:45:00+00,Track 4
998,A609,AMTK,2025-02-12 12:54:00+00,Track 15
999,3845,NEC,2025-02-12 13:05:00+00,Track 7
1000,3275,NJCL,2025-02-12 18:29:00+00,Track 2
1001,A655,AMTK,2025-02-12 18:35:00+00,Track 5
1002,3961,NEC,2025-02-12 18:39:00+00,Track 14
1003,6283,MOBO,2025-02-12 18:41:00+00,Track 1
1004,A55,AMTK,2025-02-12 18:45:00+00,Track 13
1005,3875,NEC,2025-02-12 18:47:00+00,Track 7
1006,6659,M&E,2025-02-12 18:56:00+00,Track 2
1007,3279,NJCL,2025-02-12 19:05:00+00,Track 9
1008,3963,NEC,2025-02-12 19:12:00+00,Track 4
1010,6363,M&E,2025-02-12 19:18:00+00,Track 1
1011,3879,NEC,2025-02-12 19:20:00+00,Track 10
1012,3281,NJCL,2025-02-12 19:24:00+00,Track 2
1014,6663,M&E,2025-02-12 19:26:00+00,Track 3
1015,6291,MOBO,2025-02-12 19:37:00+00,Track 9
1016,3735,NEC,2025-02-12 19:43:00+00,Track 14
1017,3965,NEC,2025-02-12 19:47:00+00,Track 12
1018,6943,M&E,2025-02-15 22:11:00+00,Track 4
1019,7883,NEC,2025-02-15 22:57:00+00,Track 10
1020,7285,NJCL,2025-02-15 23:07:00+00,Track 1
1021,7885,NEC,2025-02-15 23:14:00+00,Track 3
1022,7887,NEC,2025-02-16 00:14:00+00,Track 3
1023,A169,AMTK,2025-02-16 00:20:00+00,Track 12
1024,6907,M&E,2025-02-16 00:34:00+00,Track 10
1025,7801,NEC,2025-02-16 00:43:00+00,Track 2
1026,7205,NJCL,2025-02-16 01:00:00+00,Track 1
1027,6909,M&E,2025-02-16 01:19:00+00,Track 10
1028,7805,NEC,2025-02-16 01:22:00+00,Track 3
1029,A151,AMTK,2025-02-16 04:09:00+00,Track 11
1031,7813,NEC,2025-02-16 05:10:00+00,Track 11
1032,7217,NJCL,2025-02-16 05:53:00+00,Track 14
1034,A89,AMTK,2025-02-16 06:02:00+00,Track 15
1035,7817,NEC,2025-02-16 06:13:00+00,Track 4
1036,A51,AMTK,2025-02-16 06:40:00+00,Track 6
1038,7221,NJCL,2025-02-16 06:53:00+00,Track 4
1039,A661,AMTK,2025-02-16 07:00:00+00,Track 7
1041,A79,AMTK,2025-02-16 07:04:00+00,Track 14
1042,6913,M&E,2025-02-16 07:11:00+00,Track 2
1043,7821,NEC,2025-02-16 07:14:00+00,Track 11
1044,A101,AMTK,2025-02-16 07:49:00+00,Track 15
1046,7225,NJCL,2025-02-16 07:53:00+00,Track 3
1047,A2203,AMTK,2025-02-16 08:00:00+00,Track 12
1049,7625,NJCL,2025-02-16 08:07:00+00,Track 4
1050,6915,M&E,2025-02-16 08:11:00+00,Track 1
1051,7825,NEC,2025-02-16 08:14:00+00,Track 2
1052,A103,AMTK,2025-02-16 08:49:00+00,Track 15
1054,7229,NJCL,2025-02-16 08:53:00+00,Track 3
1055,A2205,AMTK,2025-02-16 09:00:00+00,Track 9
1057,A155,AMTK,2025-02-16 09:05:00+00,Track 8
1060,7629,NJCL,2025-02-16 09:07:00+00,Track 4
1058,A663,AMTK,2025-02-16 09:09:00+00,Track 14
1062,6917,M&E,2025-02-16 09:11:00+00,Track 1
1063,7829,NEC,2025-02-16 09:14:00+00,Track 2
1064,7233,NJCL,2025-02-16 09:55:00+00,Track 3
1065,6919,M&E,2025-02-16 10:11:00+00,Track 4
1066,7833,NEC,2025-02-16 10:16:00+00,Track 2
1067,A43,AMTK,2025-02-16 10:52:00+00,Track 9
1069,7237,NJCL,2025-02-16 10:57:00+00,Track 4
1071,A195,AMTK,2025-02-16 11:05:00+00,Track 15
1070,7637,NJCL,2025-02-16 11:07:00+00,Track 2
1072,7837,NEC,2025-02-16 11:14:00+00,Track 3
1073,A2251,AMTK,2025-02-16 11:46:00+00,Track 14
1075,7839,NEC,2025-02-16 12:01:00+00,Track 1
1076,7241,NJCL,2025-02-16 12:07:00+00,Track 11
1077,6923,M&E,2025-02-16 12:11:00+00,Track 6
1079,A147,AMTK,2025-02-16 12:13:00+00,Track 14
1078,7841,NEC,2025-02-16 12:14:00+00,Track 4
1081,A665,AMTK,2025-02-16 13:05:00+00,Track 5
1083,7245,NJCL,2025-02-16 13:07:00+00,Track 4
1084,6925,M&E,2025-02-16 13:11:00+00,Track 10
1085,7845,NEC,2025-02-16 13:14:00+00,Track 1
1089,A99,AMTK,2025-02-16 13:17:00+00,Track 14
1086,7847,NEC,2025-02-16 13:55:00+00,Track 2
1087,A19,AMTK,2025-02-16 14:00:00+00,Track 15
1101,A161,AMTK,2025-02-16 14:05:00+00,Track 15
1088,7249,NJCL,2025-02-16 14:07:00+00,Track 8
1090,6927,M&E,2025-02-16 14:11:00+00,Track 1
1091,7849,NEC,2025-02-16 14:14:00+00,Track 4
1092,7851,NEC,2025-02-16 14:55:00+00,Track 9
1107,A87,AMTK,2025-02-16 15:04:00+00,Track 14
1093,7253,NJCL,2025-02-16 15:07:00+00,Track 6
1095,6929,M&E,2025-02-16 15:11:00+00,Track 1
1096,A667,AMTK,2025-02-16 15:13:00+00,Track 11
1097,7853,NEC,2025-02-16 15:15:00+00,Track 7
1094,A163,AMTK,2025-02-16 15:52:00+00,Track 16
1104,7855,NEC,2025-02-16 15:52:00+00,Track 4
1106,7657,NJCL,2025-02-16 15:56:00+00,Track 2
1111,7257,NJCL,2025-02-16 16:07:00+00,Track 7
1112,6931,M&E,2025-02-16 16:11:00+00,Track 9
1113,7857,NEC,2025-02-16 16:14:00+00,Track 8
1117,7859,NEC,2025-02-16 16:54:00+00,Track 13
1125,A194,AMTK,2025-02-16 16:55:00+00,Track 8
1119,7661,NJCL,2025-02-16 17:01:00+00,Track 3
1118,A159,AMTK,2025-02-16 17:05:00+00,Track 14
1122,7261,NJCL,2025-02-16 17:07:00+00,Track 2
1123,6933,M&E,2025-02-16 17:11:00+00,Track 4
1124,A669,AMTK,2025-02-16 17:17:00+00,Track 10
1126,7863,NEC,2025-02-16 17:58:00+00,Track 9
1127,7665,NJCL,2025-02-16 18:01:00+00,Track 1
1131,A135,AMTK,2025-02-16 18:05:00+00,Track 15
1128,7265,NJCL,2025-02-16 18:07:00+00,Track 3
1129,6935,M&E,2025-02-16 18:11:00+00,Track 2
1130,7865,NEC,2025-02-16 18:16:00+00,Track 4
1132,A168,AMTK,2025-02-16 18:46:00+00,Track 12
1142,A57,AMTK,2025-02-16 19:01:00+00,Track 12
1133,7269,NJCL,2025-02-16 19:07:00+00,Track 7
1134,6937,M&E,2025-02-16 19:11:00+00,Track 2
1135,7869,NEC,2025-02-16 19:14:00+00,Track 10
1137,7673,NJCL,2025-02-16 19:51:00+00,Track 3
1136,A671,AMTK,2025-02-16 19:53:00+00,Track 11
1139,A165,AMTK,2025-02-16 20:01:00+00,Track 15
1141,7871,NEC,2025-02-16 20:03:00+00,Track 10
1143,6939,M&E,2025-02-16 20:11:00+00,Track 4
1146,A167,AMTK,2025-02-16 20:51:00+00,Track 13
1144,7875,NEC,2025-02-16 20:55:00+00,Track 4
1145,7277,NJCL,2025-02-16 21:07:00+00,Track 2
1147,7879,NEC,2025-02-16 22:02:00+00,Track 2
1149,7281,NJCL,2025-02-16 22:07:00+00,Track 10
1150,6943,M&E,2025-02-16 22:11:00+00,Track 3
1152,7883,NEC,2025-02-16 22:57:00+00,Track 4
1153,7285,NJCL,2025-02-16 23:07:00+00,Track 1
1154,6945,M&E,2025-02-16 23:11:00+00,Track 12
1155,7885,NEC,2025-02-16 23:14:00+00,Track 3
1156,7887,NEC,2025-02-17 00:14:00+00,Track 4
1157,A169,AMTK,2025-02-17 00:20:00+00,Track 15
1158,6907,M&E,2025-02-17 00:34:00+00,Track 3
1160,7801,NEC,2025-02-17 00:43:00+00,Track 1
1162,6909,M&E,2025-02-17 01:19:00+00,Track 11
1163,7805,NEC,2025-02-17 01:22:00+00,Track 4
1164,A151,AMTK,2025-02-17 04:09:00+00,Track 14
1165,7813,NEC,2025-02-17 05:10:00+00,Track 13
1166,7217,NJCL,2025-02-17 05:53:00+00,Track 13
1167,A89,AMTK,2025-02-17 06:02:00+00,Track 14
1169,8911,M&E,2025-02-17 06:11:00+00,Track 9
1170,7817,NEC,2025-02-17 06:13:00+00,Track 3
1171,A150,AMTK,2025-02-17 06:48:00+00,Track 9
1172,7221,NJCL,2025-02-17 06:53:00+00,Track 8
1174,A661,AMTK,2025-02-17 07:00:00+00,Track 15
1175,A79,AMTK,2025-02-17 07:04:00+00,Track 13
1176,6913,M&E,2025-02-17 07:11:00+00,Track 4
1177,7821,NEC,2025-02-17 07:14:00+00,Track 14
1178,7225,NJCL,2025-02-17 07:53:00+00,Track 12
1180,A153,AMTK,2025-02-17 08:05:00+00,Track 13
1182,7625,NJCL,2025-02-17 08:07:00+00,Track 1
1183,6915,M&E,2025-02-17 08:11:00+00,Track 3
1185,7825,NEC,2025-02-17 08:14:00+00,Track 2
1187,A160,AMTK,2025-02-17 08:45:00+00,Track 10
1186,A103,AMTK,2025-02-17 08:49:00+00,Track 13
1189,7229,NJCL,2025-02-17 08:53:00+00,Track 12
1190,A2205,AMTK,2025-02-17 09:00:00+00,Track 7
1191,A155,AMTK,2025-02-17 09:05:00+00,Track 14
1195,7629,NJCL,2025-02-17 09:07:00+00,Track 4
1196,A663,AMTK,2025-02-17 09:09:00+00,Track 15
1198,6917,M&E,2025-02-17 09:11:00+00,Track 1
1199,7829,NEC,2025-02-17 09:14:00+00,Track 2
1200,A143,AMTK,2025-02-17 09:47:00+00,Track 12
1201,7233,NJCL,2025-02-17 09:55:00+00,Track 1
1202,6919,M&E,2025-02-17 10:11:00+00,Track 7
1203,7833,NEC,2025-02-17 10:16:00+00,Track 13
1205,A121,AMTK,2025-02-17 10:29:00+00,Track 12
1208,A195,AMTK,2025-02-17 10:51:00+00,Track 13
1207,A43,AMTK,2025-02-17 10:52:00+00,Track 15
1209,7237,NJCL,2025-02-17 10:57:00+00,Track 7
1212,A2248,AMTK,2025-02-17 10:58:00+00,Track 8
1213,A2271,AMTK,2025-02-17 11:10:00+00,Track 15
1211,6921,M&E,2025-02-17 11:11:00+00,Track 1
1214,7837,NEC,2025-02-17 11:14:00+00,Track 3
1215,A157,AMTK,2025-02-17 11:24:00+00,Track 13
1216,7839,NEC,2025-02-17 12:01:00+00,Track 11
1219,7241,NJCL,2025-02-17 12:07:00+00,Track 7
1220,6923,M&E,2025-02-17 12:11:00+00,Track 1
1221,A2263,AMTK,2025-02-17 12:11:00+00,Track 15
1222,7841,NEC,2025-02-17 12:14:00+00,Track 3
1223,A105,AMTK,2025-02-17 12:24:00+00,Track 9
1226,8841,NEC,2025-02-17 12:44:00+00,Track 12
1229,A164,AMTK,2025-02-17 12:47:00+00,Track 9
1235,A99,AMTK,2025-02-17 12:53:00+00,Track 12
1227,A145,AMTK,2025-02-17 13:00:00+00,Track 13
1230,A665,AMTK,2025-02-17 13:05:00+00,Track 14
1231,7245,NJCL,2025-02-17 13:07:00+00,Track 3
1233,6925,M&E,2025-02-17 13:11:00+00,Track 2
1236,A2265,AMTK,2025-02-17 13:14:00+00,Track 15
1234,7845,NEC,2025-02-17 13:14:00+00,Track 1
1239,A154,AMTK,2025-02-17 13:45:00+00,Track 6
1243,A2252,AMTK,2025-02-17 13:51:00+00,Track 10
1248,A2247,AMTK,2025-02-17 13:58:00+00,Track 13
1238,A19,AMTK,2025-02-17 14:00:00+00,Track 13
1241,7249,NJCL,2025-02-17 14:07:00+00,Track 9
1245,6927,M&E,2025-02-17 14:11:00+00,Track 1
1246,7849,NEC,2025-02-17 14:14:00+00,Track 3
1251,A87,AMTK,2025-02-17 14:28:00+00,Track 10
1249,A97,AMTK,2025-02-17 14:30:00+00,Track 12
1252,A2253,AMTK,2025-02-17 14:50:00+00,Track 14
1250,7851,NEC,2025-02-17 14:55:00+00,Track 2
1255,A88,AMTK,2025-02-17 15:00:00+00,Track 11
1256,7253,NJCL,2025-02-17 15:07:00+00,Track 15
1257,6929,M&E,2025-02-17 15:11:00+00,Track 3
1258,A667,AMTK,2025-02-17 15:13:00+00,Track 5
1259,7853,NEC,2025-02-17 15:15:00+00,Track 7
1262,9225,MOBO,2025-02-17 15:44:00+00,Track 13
1263,7855,NEC,2025-02-17 15:52:00+00,Track 4
1265,7657,NJCL,2025-02-17 15:56:00+00,Track 2
1266,A2254,AMTK,2025-02-17 16:00:00+00,Track 12
1272,A140,AMTK,2025-02-17 16:00:00+00,Track 13
1267,A189,AMTK,2025-02-17 16:05:00+00,Track 14
1268,7257,NJCL,2025-02-17 16:07:00+00,Track 7
1269,6931,M&E,2025-02-17 16:11:00+00,Track 3
1271,7857,NEC,2025-02-17 16:14:00+00,Track 11
1274,9227,MOBO,2025-02-17 16:44:00+00,Track 15
1275,8325,NJCL,2025-02-17 16:47:00+00,Track 10
1276,7859,NEC,2025-02-17 16:54:00+00,Track 8
1277,A96,AMTK,2025-02-17 16:58:00+00,Track 12
1278,7661,NJCL,2025-02-17 17:01:00+00,Track 1
1279,8431,M&E,2025-02-17 17:03:00+00,Track 14
1280,7261,NJCL,2025-02-17 17:07:00+00,Track 3
1281,6933,M&E,2025-02-17 17:11:00+00,Track 4
1282,7861,NEC,2025-02-17 17:14:00+00,Track 11
1283,A669,AMTK,2025-02-17 17:17:00+00,Track 9
1285,8933,M&E,2025-02-17 17:35:00+00,Track 12
1286,8861,NEC,2025-02-17 17:44:00+00,Track 10
1287,9229,MOBO,2025-02-17 17:48:00+00,Track 8
1302,A135,AMTK,2025-02-17 17:52:00+00,Track 15
1288,7863,NEC,2025-02-17 17:58:00+00,Track 13
1291,A2262,AMTK,2025-02-17 18:00:00+00,Track 7
1289,7665,NJCL,2025-02-17 18:01:00+00,Track 2
1290,8433,M&E,2025-02-17 18:03:00+00,Track 11
1292,7265,NJCL,2025-02-17 18:07:00+00,Track 3
1293,6935,M&E,2025-02-17 18:11:00+00,Track 1
1294,7865,NEC,2025-02-17 18:16:00+00,Track 4
1307,A57,AMTK,2025-02-17 18:25:00+00,Track 14
1296,A107,AMTK,2025-02-17 18:29:00+00,Track 9
1298,8865,NEC,2025-02-17 18:44:00+00,Track 12
1303,A132,AMTK,2025-02-17 18:46:00+00,Track 13
1299,7867,NEC,2025-02-17 19:03:00+00,Track 2
1304,A2258,AMTK,2025-02-17 19:05:00+00,Track 12
1300,7269,NJCL,2025-02-17 19:07:00+00,Track 4
1301,6937,M&E,2025-02-17 19:11:00+00,Track 3
1305,7869,NEC,2025-02-17 19:14:00+00,Track 9
1308,A165,AMTK,2025-02-17 19:31:00+00,Track 9
1312,A146,AMTK,2025-02-17 19:43:00+00,Track 7
1309,7673,NJCL,2025-02-17 19:51:00+00,Track 8
1310,A671,AMTK,2025-02-17 19:53:00+00,Track 11
1313,7871,NEC,2025-02-17 20:03:00+00,Track 12
1314,7273,NJCL,2025-02-17 20:07:00+00,Track 4
1315,6939,M&E,2025-02-17 20:11:00+00,Track 2
1316,7873,NEC,2025-02-17 20:14:00+00,Track 3
1317,A2259,AMTK,2025-02-17 20:14:00+00,Track 14
1319,A166,AMTK,2025-02-17 20:45:00+00,Track 9
1318,7875,NEC,2025-02-17 20:55:00+00,Track 10
1321,7277,NJCL,2025-02-17 21:07:00+00,Track 4
1333,A2275,AMTK,2025-02-17 21:07:00+00,Track 13
1322,6941,M&E,2025-02-17 21:11:00+00,Track 8
1323,7877,NEC,2025-02-17 21:14:00+00,Track 3
1325,A139,AMTK,2025-02-17 21:22:00+00,Track 13
1326,A123,AMTK,2025-02-17 21:49:00+00,Track 15
1327,7879,NEC,2025-02-17 22:02:00+00,Track 10
1329,7281,NJCL,2025-02-17 22:07:00+00,Track 2
1330,6943,M&E,2025-02-17 22:11:00+00,Track 3
1332,7881,NEC,2025-02-17 22:14:00+00,Track 4
1334,7883,NEC,2025-02-17 22:57:00+00,Track 9
1335,7285,NJCL,2025-02-17 23:07:00+00,Track 1
1336,6945,M&E,2025-02-17 23:11:00+00,Track 3
1337,7885,NEC,2025-02-17 23:14:00+00,Track 10
1338,A637,AMTK,2025-02-17 23:58:00+00,Track 6
1560,6683,M&E,2025-02-18 00:02:00+00,Track 9
1339,3201,NJCL,2025-02-18 00:05:00+00,Track 4
1340,7887,NEC,2025-02-18 00:14:00+00,Track 7
1342,6907,M&E,2025-02-18 00:34:00+00,Track 10
1343,3205,NJCL,2025-02-18 01:00:00+00,Track 1
1344,6909,M&E,2025-02-18 01:19:00+00,Track 2
1345,3805,NEC,2025-02-18 01:22:00+00,Track 3
1346,A151,AMTK,2025-02-18 04:09:00+00,Track 12
1347,3809,NEC,2025-02-18 04:13:00+00,Track 14
1348,3209,NJCL,2025-02-18 04:28:00+00,Track 10
1349,A111,AMTK,2025-02-18 04:50:00+00,Track 13
1351,3813,NEC,2025-02-18 05:03:00+00,Track 14
1352,A2103,AMTK,2025-02-18 05:25:00+00,Track 9
1353,3215,NJCL,2025-02-18 05:32:00+00,Track 15
1354,3503,NJCL,2025-02-18 05:37:00+00,Track 2
1356,3701,NEC,2025-02-18 05:41:00+00,Track 4
1360,A181,AMTK,2025-02-18 05:45:00+00,Track 9
1357,6209,MOBO,2025-02-18 05:53:00+00,Track 13
1358,6305,M&E,2025-02-18 05:58:00+00,Track 6
1359,A89,AMTK,2025-02-18 06:02:00+00,Track 12
1361,3815,NEC,2025-02-18 06:06:00+00,Track 14
1362,3217,NJCL,2025-02-18 06:20:00+00,Track 2
1363,A2107,AMTK,2025-02-18 06:27:00+00,Track 13
1365,3705,NEC,2025-02-18 06:34:00+00,Track 8
1366,3817,NEC,2025-02-18 06:38:00+00,Track 4
1367,6307,M&E,2025-02-18 06:41:00+00,Track 10
1368,3505,NJCL,2025-02-18 06:47:00+00,Track 1
1369,6213,MOBO,2025-02-18 06:50:00+00,Track 2
1370,3221,NJCL,2025-02-18 07:01:00+00,Track 3
1372,6607,M&E,2025-02-18 07:07:00+00,Track 9
1374,3821,NEC,2025-02-18 07:14:00+00,Track 13
1373,A641,AMTK,2025-02-18 07:17:00+00,Track 7
1376,A183,AMTK,2025-02-18 07:25:00+00,Track 8
1377,6215,MOBO,2025-02-18 07:29:00+00,Track 2
1378,3709,NEC,2025-02-18 07:31:00+00,Track 1
1380,6611,M&E,2025-02-18 07:40:00+00,Track 3
1381,3223,NJCL,2025-02-18 07:44:00+00,Track 13
1382,3823,NEC,2025-02-18 07:56:00+00,Track 10
1383,6613,M&E,2025-02-18 08:02:00+00,Track 2
1384,3713,NEC,2025-02-18 08:05:00+00,Track 4
1387,A141,AMTK,2025-02-18 08:10:00+00,Track 14
1385,3825,NEC,2025-02-18 08:12:00+00,Track 1
1386,6219,MOBO,2025-02-18 08:14:00+00,Track 7
1388,3827,NEC,2025-02-18 08:25:00+00,Track 13
1389,6315,M&E,2025-02-18 08:28:00+00,Track 12
1390,6617,M&E,2025-02-18 08:38:00+00,Track 9
1391,3915,NEC,2025-02-18 08:41:00+00,Track 2
1392,A2151,AMTK,2025-02-18 09:00:00+00,Track 14
1393,A185,AMTK,2025-02-18 09:25:00+00,Track 11
1395,A643,AMTK,2025-02-18 09:30:00+00,Track 5
1396,3831,NEC,2025-02-18 09:34:00+00,Track 2
1397,6231,MOBO,2025-02-18 09:43:00+00,Track 13
1398,3231,NJCL,2025-02-18 09:46:00+00,Track 3
1399,A2153,AMTK,2025-02-18 10:00:00+00,Track 14
1400,3833,NEC,2025-02-18 10:01:00+00,Track 8
1401,6619,M&E,2025-02-18 10:04:00+00,Track 3
1402,6233,MOBO,2025-02-18 10:29:00+00,Track 1
1403,3835,NEC,2025-02-18 10:33:00+00,Track 4
1404,A95,AMTK,2025-02-18 10:35:00+00,Track 14
1405,3235,NJCL,2025-02-18 10:43:00+00,Track 2
1406,6621,M&E,2025-02-18 10:46:00+00,Track 7
1407,A43,AMTK,2025-02-18 10:52:00+00,Track 13
1414,A2155,AMTK,2025-02-18 11:00:00+00,Track 12
1408,A119,AMTK,2025-02-18 11:02:00+00,Track 12
1410,3837,NEC,2025-02-18 11:06:00+00,Track 11
1411,6237,MOBO,2025-02-18 11:29:00+00,Track 3
1416,A125,AMTK,2025-02-18 11:35:00+00,Track 13
1412,3839,NEC,2025-02-18 11:37:00+00,Track 1
1413,6625,M&E,2025-02-18 11:46:00+00,Track 4
1417,3841,NEC,2025-02-18 12:01:00+00,Track 9
1418,A645,AMTK,2025-02-18 12:05:00+00,Track 7
1420,A131,AMTK,2025-02-18 12:10:00+00,Track 11
1421,3241,NJCL,2025-02-18 12:12:00+00,Track 3
1422,6241,MOBO,2025-02-18 12:29:00+00,Track 8
1423,3843,NEC,2025-02-18 12:35:00+00,Track 2
1424,3243,NJCL,2025-02-18 12:43:00+00,Track 1
1425,6627,M&E,2025-02-18 12:47:00+00,Track 3
1426,A609,AMTK,2025-02-18 12:54:00+00,Track 7
1428,3845,NEC,2025-02-18 13:05:00+00,Track 4
1429,6245,MOBO,2025-02-18 13:29:00+00,Track 2
1430,3847,NEC,2025-02-18 13:32:00+00,Track 10
1431,6631,M&E,2025-02-18 13:51:00+00,Track 1
1432,A19,AMTK,2025-02-18 14:00:00+00,Track 8
1434,A93,AMTK,2025-02-18 14:02:00+00,Track 15
1435,3849,NEC,2025-02-18 14:07:00+00,Track 2
1436,A647,AMTK,2025-02-18 14:11:00+00,Track 9
1437,A2121,AMTK,2025-02-18 14:15:00+00,Track 6
1440,3719,NEC,2025-02-18 14:27:00+00,Track 3
1441,6635,M&E,2025-02-18 14:30:00+00,Track 4
1442,A649,AMTK,2025-02-18 14:44:00+00,Track 14
1443,3251,NJCL,2025-02-18 14:46:00+00,Track 6
1444,6251,MOBO,2025-02-18 14:51:00+00,Track 2
1445,3937,NEC,2025-02-18 15:01:00+00,Track 3
1446,A85,AMTK,2025-02-18 15:05:00+00,Track 12
1447,3753,NEC,2025-02-18 15:07:00+00,Track 4
1449,3509,NJCL,2025-02-18 15:20:00+00,Track 13
1450,6339,M&E,2025-02-18 15:22:00+00,Track 9
1451,6639,M&E,2025-02-18 15:26:00+00,Track 1
1453,3855,NEC,2025-02-18 15:30:00+00,Track 14
1454,3857,NEC,2025-02-18 15:42:00+00,Track 2
1455,3255,NJCL,2025-02-18 15:44:00+00,Track 15
1456,6253,MOBO,2025-02-18 15:47:00+00,Track 1
1457,3721,NEC,2025-02-18 15:56:00+00,Track 14
1458,A651,AMTK,2025-02-18 16:03:00+00,Track 5
1468,A173,AMTK,2025-02-18 16:05:00+00,Track 14
1461,6341,M&E,2025-02-18 16:07:00+00,Track 4
1463,3595,NJCL,2025-02-18 16:09:00+00,Track 8
1464,3943,NEC,2025-02-18 16:13:00+00,Track 12
1465,6641,M&E,2025-02-18 16:15:00+00,Track 2
1467,A129,AMTK,2025-02-18 16:24:00+00,Track 11
1470,3723,NEC,2025-02-18 16:27:00+00,Track 13
1471,3361,NJCL,2025-02-18 16:30:00+00,Track 3
1472,3947,NEC,2025-02-18 16:41:00+00,Track 4
1473,6343,M&E,2025-02-18 16:43:00+00,Track 1
1475,6643,M&E,2025-02-18 16:46:00+00,Track 6
1476,3165,NEC,2025-02-18 16:50:00+00,Track 8
1477,6263,MOBO,2025-02-18 16:52:00+00,Track 2
1478,3363,NJCL,2025-02-18 17:01:00+00,Track 12
1479,3511,NJCL,2025-02-18 17:05:00+00,Track 7
1480,A653,AMTK,2025-02-18 17:10:00+00,Track 9
1481,3951,NEC,2025-02-18 17:12:00+00,Track 15
1483,6647,M&E,2025-02-18 17:14:00+00,Track 3
1484,6431,M&E,2025-02-18 17:18:00+00,Track 13
1486,3265,NJCL,2025-02-18 17:20:00+00,Track 8
1487,3867,NEC,2025-02-18 17:25:00+00,Track 4
1485,A193,AMTK,2025-02-18 17:27:00+00,Track 14
1489,3513,NJCL,2025-02-18 17:29:00+00,Track 2
1490,6273,MOBO,2025-02-18 17:31:00+00,Track 1
1493,6351,M&E,2025-02-18 17:34:00+00,Track 9
1494,3267,NJCL,2025-02-18 17:36:00+00,Track 11
1495,3953,NEC,2025-02-18 17:40:00+00,Track 10
1497,6651,M&E,2025-02-18 17:42:00+00,Track 3
1498,3871,NEC,2025-02-18 17:50:00+00,Track 13
1499,6653,M&E,2025-02-18 17:52:00+00,Track 12
1512,A2169,AMTK,2025-02-18 18:00:00+00,Track 12
1500,3957,NEC,2025-02-18 18:01:00+00,Track 4
1501,3373,NJCL,2025-02-18 18:04:00+00,Track 11
1502,A197,AMTK,2025-02-18 18:06:00+00,Track 8
1503,6437,M&E,2025-02-18 18:10:00+00,Track 1
1504,6279,MOBO,2025-02-18 18:12:00+00,Track 9
1505,3959,NEC,2025-02-18 18:14:00+00,Track 7
1506,3873,NEC,2025-02-18 18:16:00+00,Track 13
1507,3515,NJCL,2025-02-18 18:18:00+00,Track 3
1510,6355,M&E,2025-02-18 18:20:00+00,Track 2
1511,6655,M&E,2025-02-18 18:22:00+00,Track 14
1513,3275,NJCL,2025-02-18 18:29:00+00,Track 1
1514,3175,NEC,2025-02-18 18:37:00+00,Track 4
1515,3961,NEC,2025-02-18 18:39:00+00,Track 8
1518,A55,AMTK,2025-02-18 18:45:00+00,Track 11
1516,3875,NEC,2025-02-18 18:47:00+00,Track 11
1517,6359,M&E,2025-02-18 18:50:00+00,Track 2
1519,6659,M&E,2025-02-18 18:56:00+00,Track 4
1520,3963,NEC,2025-02-18 19:12:00+00,Track 1
1522,3879,NEC,2025-02-18 19:20:00+00,Track 9
1523,3281,NJCL,2025-02-18 19:24:00+00,Track 2
1524,6663,M&E,2025-02-18 19:26:00+00,Track 4
1525,6291,MOBO,2025-02-18 19:37:00+00,Track 12
1526,A175,AMTK,2025-02-18 19:41:00+00,Track 14
1528,3735,NEC,2025-02-18 19:43:00+00,Track 13
1529,3965,NEC,2025-02-18 19:47:00+00,Track 1
1530,A2173,AMTK,2025-02-18 20:12:00+00,Track 12
1531,3283,NJCL,2025-02-18 20:21:00+00,Track 3
1532,A657,AMTK,2025-02-18 20:30:00+00,Track 10
1534,6293,MOBO,2025-02-18 20:35:00+00,Track 13
1535,3885,NEC,2025-02-18 20:37:00+00,Track 8
1536,3285,NJCL,2025-02-18 20:41:00+00,Track 3
1537,6671,M&E,2025-02-18 20:51:00+00,Track 2
1538,A639,AMTK,2025-02-18 21:00:00+00,Track 9
1539,3887,NEC,2025-02-18 21:06:00+00,Track 1
1542,6295,MOBO,2025-02-18 21:32:00+00,Track 3
1543,3889,NEC,2025-02-18 21:35:00+00,Track 12
1545,3289,NJCL,2025-02-18 21:38:00+00,Track 11
1546,6675,M&E,2025-02-18 21:51:00+00,Track 1
1547,A177,AMTK,2025-02-18 22:05:00+00,Track 14
1540,3737,NEC,2025-02-18 22:07:00+00,Track 2
1549,3979,NEC,2025-02-18 22:11:00+00,Track 10
1550,6677,M&E,2025-02-18 22:13:00+00,Track 3
1552,3293,NJCL,2025-02-18 22:23:00+00,Track 4
1553,3893,NEC,2025-02-18 22:38:00+00,Track 9
1554,6297,MOBO,2025-02-18 22:41:00+00,Track 2
1556,6679,M&E,2025-02-18 22:56:00+00,Track 11
1557,3895,NEC,2025-02-18 23:06:00+00,Track 4
1558,3297,NJCL,2025-02-18 23:18:00+00,Track 1
1559,6299,MOBO,2025-02-18 23:41:00+00,Track 13
1561,3897,NEC,2025-02-19 00:14:00+00,Track 2
1562,6201,MOBO,2025-02-19 00:34:00+00,Track 7
1563,6601,M&E,2025-02-19 00:56:00+00,Track 10
1564,3205,NJCL,2025-02-19 01:00:00+00,Track 3
1565,3805,NEC,2025-02-19 01:22:00+00,Track 8
1566,A151,AMTK,2025-02-19 04:09:00+00,Track 12
1567,3809,NEC,2025-02-19 04:13:00+00,Track 14
1569,3209,NJCL,2025-02-19 04:28:00+00,Track 9
1570,3813,NEC,2025-02-19 05:03:00+00,Track 9
1571,A2103,AMTK,2025-02-19 05:25:00+00,Track 7
1572,3215,NJCL,2025-02-19 05:32:00+00,Track 12
1573,3503,NJCL,2025-02-19 05:37:00+00,Track 2
1574,A181,AMTK,2025-02-19 05:45:00+00,Track 11
1575,6209,MOBO,2025-02-19 05:53:00+00,Track 13
1576,6305,M&E,2025-02-19 05:58:00+00,Track 1
1577,A89,AMTK,2025-02-19 06:02:00+00,Track 12
1579,3815,NEC,2025-02-19 06:06:00+00,Track 4
1580,3217,NJCL,2025-02-19 06:20:00+00,Track 2
1581,3705,NEC,2025-02-19 06:34:00+00,Track 8
1582,3817,NEC,2025-02-19 06:38:00+00,Track 3
1583,6307,M&E,2025-02-19 06:41:00+00,Track 10
1584,3505,NJCL,2025-02-19 06:47:00+00,Track 4
1585,6213,MOBO,2025-02-19 06:50:00+00,Track 1
1586,3221,NJCL,2025-02-19 07:01:00+00,Track 2
1587,A79,AMTK,2025-02-19 07:04:00+00,Track 9
1588,6607,M&E,2025-02-19 07:07:00+00,Track 3
1589,3821,NEC,2025-02-19 07:14:00+00,Track 13
1590,A641,AMTK,2025-02-19 07:17:00+00,Track 12
1592,A183,AMTK,2025-02-19 07:25:00+00,Track 10
1593,6215,MOBO,2025-02-19 07:29:00+00,Track 1
1594,3709,NEC,2025-02-19 07:31:00+00,Track 7
1595,6611,M&E,2025-02-19 07:40:00+00,Track 2
1596,3223,NJCL,2025-02-19 07:44:00+00,Track 8
1598,3823,NEC,2025-02-19 07:56:00+00,Track 10
1599,6613,M&E,2025-02-19 08:02:00+00,Track 3
1600,3713,NEC,2025-02-19 08:05:00+00,Track 4
1601,3825,NEC,2025-02-19 08:12:00+00,Track 1
1603,6219,MOBO,2025-02-19 08:14:00+00,Track 7
1604,3827,NEC,2025-02-19 08:25:00+00,Track 2
1605,6315,M&E,2025-02-19 08:28:00+00,Track 13
1606,3915,NEC,2025-02-19 08:41:00+00,Track 12
1607,A2151,AMTK,2025-02-19 09:00:00+00,Track 13
1609,3917,NEC,2025-02-19 09:04:00+00,Track 1
1610,6227,MOBO,2025-02-19 09:09:00+00,Track 3
1611,A185,AMTK,2025-02-19 09:25:00+00,Track 11
1612,3831,NEC,2025-02-19 09:34:00+00,Track 2
1613,3231,NJCL,2025-02-19 09:46:00+00,Track 1
1614,A2153,AMTK,2025-02-19 10:00:00+00,Track 12
1616,3833,NEC,2025-02-19 10:01:00+00,Track 10
1617,6233,MOBO,2025-02-19 10:29:00+00,Track 8
1618,3835,NEC,2025-02-19 10:33:00+00,Track 3
1619,A95,AMTK,2025-02-19 10:35:00+00,Track 12
1621,3235,NJCL,2025-02-19 10:43:00+00,Track 4
1623,6621,M&E,2025-02-19 10:46:00+00,Track 1
1624,A43,AMTK,2025-02-19 10:52:00+00,Track 13
1629,A2155,AMTK,2025-02-19 11:00:00+00,Track 12
1626,A119,AMTK,2025-02-19 11:02:00+00,Track 9
1628,3837,NEC,2025-02-19 11:06:00+00,Track 2
1630,3239,NJCL,2025-02-19 11:23:00+00,Track 1
1631,6237,MOBO,2025-02-19 11:29:00+00,Track 3
1632,3839,NEC,2025-02-19 11:37:00+00,Track 4
1633,6625,M&E,2025-02-19 11:46:00+00,Track 2
1635,3841,NEC,2025-02-19 12:01:00+00,Track 3
1634,A645,AMTK,2025-02-19 12:05:00+00,Track 5
1637,A131,AMTK,2025-02-19 12:10:00+00,Track 8
1639,3241,NJCL,2025-02-19 12:12:00+00,Track 1
1640,6241,MOBO,2025-02-19 12:29:00+00,Track 10
1641,3843,NEC,2025-02-19 12:35:00+00,Track 4
1642,A171,AMTK,2025-02-19 12:40:00+00,Track 15
1644,3243,NJCL,2025-02-19 12:43:00+00,Track 13
1645,6627,M&E,2025-02-19 12:47:00+00,Track 2
1646,A609,AMTK,2025-02-19 12:54:00+00,Track 14
1647,6245,MOBO,2025-02-19 13:29:00+00,Track 2
1648,3847,NEC,2025-02-19 13:32:00+00,Track 3
1649,3247,NJCL,2025-02-19 13:43:00+00,Track 4
1650,A133,AMTK,2025-02-19 13:49:00+00,Track 9
1652,6631,M&E,2025-02-19 13:51:00+00,Track 11
1653,A19,AMTK,2025-02-19 14:00:00+00,Track 14
1654,3849,NEC,2025-02-19 14:07:00+00,Track 1
1655,A647,AMTK,2025-02-19 14:11:00+00,Track 8
1656,A2121,AMTK,2025-02-19 14:15:00+00,Track 12
1657,3719,NEC,2025-02-19 14:27:00+00,Track 3
1669,A97,AMTK,2025-02-19 14:30:00+00,Track 12
1658,6635,M&E,2025-02-19 14:30:00+00,Track 2
1660,A649,AMTK,2025-02-19 14:44:00+00,Track 14
1662,3251,NJCL,2025-02-19 14:46:00+00,Track 13
1663,6251,MOBO,2025-02-19 14:51:00+00,Track 1
1665,3937,NEC,2025-02-19 15:01:00+00,Track 4
1666,3753,NEC,2025-02-19 15:07:00+00,Track 2
1667,3509,NJCL,2025-02-19 15:20:00+00,Track 10
1668,6339,M&E,2025-02-19 15:22:00+00,Track 9
1670,3855,NEC,2025-02-19 15:30:00+00,Track 13
1671,3857,NEC,2025-02-19 15:42:00+00,Track 3
1672,6253,MOBO,2025-02-19 15:47:00+00,Track 2
1673,3721,NEC,2025-02-19 15:56:00+00,Track 14
1675,A651,AMTK,2025-02-19 16:03:00+00,Track 9
1676,6341,M&E,2025-02-19 16:07:00+00,Track 1
1678,3595,NJCL,2025-02-19 16:09:00+00,Track 10
1679,3943,NEC,2025-02-19 16:13:00+00,Track 12
1680,6641,M&E,2025-02-19 16:15:00+00,Track 3
1681,A129,AMTK,2025-02-19 16:24:00+00,Track 13
1682,3723,NEC,2025-02-19 16:27:00+00,Track 14
1684,3361,NJCL,2025-02-19 16:30:00+00,Track 4
1685,3861,NEC,2025-02-19 16:33:00+00,Track 11
1686,3947,NEC,2025-02-19 16:41:00+00,Track 2
1687,6343,M&E,2025-02-19 16:43:00+00,Track 9
1688,6643,M&E,2025-02-19 16:46:00+00,Track 8
1689,3165,NEC,2025-02-19 16:50:00+00,Track 12
1690,6263,MOBO,2025-02-19 16:52:00+00,Track 1
1691,3363,NJCL,2025-02-19 17:01:00+00,Track 13
1692,3511,NJCL,2025-02-19 17:05:00+00,Track 3
1693,3725,NEC,2025-02-19 17:08:00+00,Track 14
1694,A653,AMTK,2025-02-19 17:10:00+00,Track 7
1695,3951,NEC,2025-02-19 17:12:00+00,Track 15
1696,6647,M&E,2025-02-19 17:14:00+00,Track 2
1698,6431,M&E,2025-02-19 17:18:00+00,Track 8
1699,3265,NJCL,2025-02-19 17:20:00+00,Track 13
1700,3867,NEC,2025-02-19 17:25:00+00,Track 1
1701,A193,AMTK,2025-02-19 17:27:00+00,Track 14
1702,3513,NJCL,2025-02-19 17:29:00+00,Track 4
1703,6273,MOBO,2025-02-19 17:31:00+00,Track 11
1704,6351,M&E,2025-02-19 17:34:00+00,Track 9
1706,3267,NJCL,2025-02-19 17:36:00+00,Track 3
1707,3953,NEC,2025-02-19 17:40:00+00,Track 7
1708,3727,NEC,2025-02-19 17:44:00+00,Track 13
1709,6653,M&E,2025-02-19 17:52:00+00,Track 4
1710,3271,NJCL,2025-02-19 17:55:00+00,Track 8
1711,3957,NEC,2025-02-19 18:01:00+00,Track 1
1712,3373,NJCL,2025-02-19 18:04:00+00,Track 10
1713,A197,AMTK,2025-02-19 18:06:00+00,Track 11
1716,6437,M&E,2025-02-19 18:10:00+00,Track 3
1717,6279,MOBO,2025-02-19 18:12:00+00,Track 7
1718,3959,NEC,2025-02-19 18:14:00+00,Track 9
1721,3873,NEC,2025-02-19 18:16:00+00,Track 13
1722,3515,NJCL,2025-02-19 18:18:00+00,Track 2
1723,6355,M&E,2025-02-19 18:20:00+00,Track 4
1724,6655,M&E,2025-02-19 18:22:00+00,Track 6
1726,3275,NJCL,2025-02-19 18:29:00+00,Track 8
1727,A655,AMTK,2025-02-19 18:35:00+00,Track 14
1729,3175,NEC,2025-02-19 18:37:00+00,Track 1
1730,3961,NEC,2025-02-19 18:39:00+00,Track 10
1731,6283,MOBO,2025-02-19 18:41:00+00,Track 3
1733,A55,AMTK,2025-02-19 18:45:00+00,Track 12
1734,3875,NEC,2025-02-19 18:47:00+00,Track 11
1735,6359,M&E,2025-02-19 18:50:00+00,Track 1
1736,3279,NJCL,2025-02-19 19:05:00+00,Track 4
1737,3963,NEC,2025-02-19 19:12:00+00,Track 3
1738,6363,M&E,2025-02-19 19:18:00+00,Track 10
1740,3879,NEC,2025-02-19 19:20:00+00,Track 13
1741,3281,NJCL,2025-02-19 19:24:00+00,Track 2
1742,6663,M&E,2025-02-19 19:26:00+00,Track 1
1743,6291,MOBO,2025-02-19 19:37:00+00,Track 4
1744,A175,AMTK,2025-02-19 19:41:00+00,Track 14
1745,3965,NEC,2025-02-19 19:47:00+00,Track 9
1747,6667,M&E,2025-02-19 20:05:00+00,Track 2
1748,3883,NEC,2025-02-19 20:07:00+00,Track 3
1749,3969,NEC,2025-02-19 20:17:00+00,Track 13
1750,3283,NJCL,2025-02-19 20:21:00+00,Track 1
1751,A657,AMTK,2025-02-19 20:30:00+00,Track 8
1752,6293,MOBO,2025-02-19 20:35:00+00,Track 4
1753,3885,NEC,2025-02-19 20:37:00+00,Track 2
1754,3285,NJCL,2025-02-19 20:41:00+00,Track 3
1755,A639,AMTK,2025-02-19 21:00:00+00,Track 9
1756,3887,NEC,2025-02-19 21:06:00+00,Track 1
1757,6295,MOBO,2025-02-19 21:32:00+00,Track 11
1758,3889,NEC,2025-02-19 21:35:00+00,Track 2
1759,3289,NJCL,2025-02-19 21:38:00+00,Track 3
1760,6675,M&E,2025-02-19 21:51:00+00,Track 1
1761,3737,NEC,2025-02-19 22:07:00+00,Track 4
1762,3979,NEC,2025-02-19 22:11:00+00,Track 10
1763,6677,M&E,2025-02-19 22:13:00+00,Track 11
1764,3293,NJCL,2025-02-19 22:23:00+00,Track 14
1765,3893,NEC,2025-02-19 22:38:00+00,Track 9
1766,6297,MOBO,2025-02-19 22:41:00+00,Track 4
1767,6679,M&E,2025-02-19 22:56:00+00,Track 3
1768,3895,NEC,2025-02-19 23:06:00+00,Track 1
1769,6299,MOBO,2025-02-19 23:41:00+00,Track 4
1972,6683,M&E,2025-02-20 00:02:00+00,Track 10
1770,3897,NEC,2025-02-20 00:14:00+00,Track 10
1771,6201,MOBO,2025-02-20 00:34:00+00,Track 2
1772,6601,M&E,2025-02-20 00:56:00+00,Track 6
1773,3205,NJCL,2025-02-20 01:00:00+00,Track 8
1774,3805,NEC,2025-02-20 01:22:00+00,Track 4
1775,A151,AMTK,2025-02-20 04:09:00+00,Track 12
1776,3809,NEC,2025-02-20 04:13:00+00,Track 11
1777,3209,NJCL,2025-02-20 04:28:00+00,Track 6
1778,A111,AMTK,2025-02-20 04:50:00+00,Track 14
1779,3813,NEC,2025-02-20 05:03:00+00,Track 13
1780,A2103,AMTK,2025-02-20 05:25:00+00,Track 8
1782,3215,NJCL,2025-02-20 05:32:00+00,Track 15
1783,3503,NJCL,2025-02-20 05:37:00+00,Track 4
1784,3701,NEC,2025-02-20 05:41:00+00,Track 2
1785,A181,AMTK,2025-02-20 05:45:00+00,Track 13
1787,6209,MOBO,2025-02-20 05:53:00+00,Track 9
1788,A89,AMTK,2025-02-20 06:02:00+00,Track 12
1790,3815,NEC,2025-02-20 06:06:00+00,Track 14
1791,3217,NJCL,2025-02-20 06:20:00+00,Track 1
1792,A2107,AMTK,2025-02-20 06:27:00+00,Track 6
1794,3817,NEC,2025-02-20 06:38:00+00,Track 8
1795,3505,NJCL,2025-02-20 06:47:00+00,Track 10
1796,6213,MOBO,2025-02-20 06:50:00+00,Track 1
1798,A79,AMTK,2025-02-20 07:04:00+00,Track 13
1800,6607,M&E,2025-02-20 07:07:00+00,Track 2
1801,A641,AMTK,2025-02-20 07:17:00+00,Track 7
1803,A183,AMTK,2025-02-20 07:25:00+00,Track 9
1804,3709,NEC,2025-02-20 07:31:00+00,Track 8
1805,6613,M&E,2025-02-20 08:02:00+00,Track 1
1806,3713,NEC,2025-02-20 08:05:00+00,Track 4
1808,3825,NEC,2025-02-20 08:12:00+00,Track 3
1809,6219,MOBO,2025-02-20 08:14:00+00,Track 8
1810,3827,NEC,2025-02-20 08:25:00+00,Track 12
1811,6315,M&E,2025-02-20 08:28:00+00,Track 13
1812,6617,M&E,2025-02-20 08:38:00+00,Track 1
1813,3915,NEC,2025-02-20 08:41:00+00,Track 2
1814,3227,NJCL,2025-02-20 08:46:00+00,Track 3
1815,A2151,AMTK,2025-02-20 09:00:00+00,Track 13
1816,3917,NEC,2025-02-20 09:04:00+00,Track 1
1817,6317,M&E,2025-02-20 09:22:00+00,Track 2
1818,A185,AMTK,2025-02-20 09:25:00+00,Track 7
1819,A643,AMTK,2025-02-20 09:30:00+00,Track 13
1820,3831,NEC,2025-02-20 09:34:00+00,Track 1
1821,6231,MOBO,2025-02-20 09:43:00+00,Track 4
1822,3231,NJCL,2025-02-20 09:46:00+00,Track 9
1823,A2153,AMTK,2025-02-20 10:00:00+00,Track 13
1824,3833,NEC,2025-02-20 10:01:00+00,Track 2
1825,6619,M&E,2025-02-20 10:04:00+00,Track 4
1826,6233,MOBO,2025-02-20 10:29:00+00,Track 2
1827,3835,NEC,2025-02-20 10:33:00+00,Track 12
1828,A95,AMTK,2025-02-20 10:35:00+00,Track 14
1829,5121,RARV,2025-02-20 10:40:00+00,Track 1
1830,3235,NJCL,2025-02-20 10:43:00+00,Track 3
1831,6621,M&E,2025-02-20 10:46:00+00,Track 4
1832,A43,AMTK,2025-02-20 10:52:00+00,Track 13
1834,A2155,AMTK,2025-02-20 11:00:00+00,Track 11
1836,A119,AMTK,2025-02-20 11:02:00+00,Track 8
1837,3837,NEC,2025-02-20 11:06:00+00,Track 9
1838,6237,MOBO,2025-02-20 11:29:00+00,Track 2
1839,3839,NEC,2025-02-20 11:37:00+00,Track 1
1840,3841,NEC,2025-02-20 12:01:00+00,Track 10
1841,A645,AMTK,2025-02-20 12:05:00+00,Track 8
1842,A131,AMTK,2025-02-20 12:10:00+00,Track 9
1843,3843,NEC,2025-02-20 12:35:00+00,Track 4
1844,A171,AMTK,2025-02-20 12:40:00+00,Track 12
1845,A609,AMTK,2025-02-20 12:54:00+00,Track 15
1847,3845,NEC,2025-02-20 13:05:00+00,Track 8
1848,A19,AMTK,2025-02-20 14:00:00+00,Track 15
1849,A93,AMTK,2025-02-20 14:02:00+00,Track 16
1852,A647,AMTK,2025-02-20 14:11:00+00,Track 9
1854,A2121,AMTK,2025-02-20 14:15:00+00,Track 12
1855,3719,NEC,2025-02-20 14:27:00+00,Track 2
1857,6635,M&E,2025-02-20 14:30:00+00,Track 1
1856,A97,AMTK,2025-02-20 14:30:00+00,Track 14
1859,5179,RARV,2025-02-20 14:40:00+00,Track 3
1860,A649,AMTK,2025-02-20 14:44:00+00,Track 7
1861,3251,NJCL,2025-02-20 14:46:00+00,Track 9
1862,6251,MOBO,2025-02-20 14:51:00+00,Track 2
1863,3937,NEC,2025-02-20 15:01:00+00,Track 4
1864,A85,AMTK,2025-02-20 15:05:00+00,Track 15
1865,3509,NJCL,2025-02-20 15:20:00+00,Track 3
1866,6339,M&E,2025-02-20 15:22:00+00,Track 1
1867,6639,M&E,2025-02-20 15:26:00+00,Track 10
1868,3855,NEC,2025-02-20 15:30:00+00,Track 13
1869,3857,NEC,2025-02-20 15:42:00+00,Track 2
1871,3255,NJCL,2025-02-20 15:44:00+00,Track 15
1872,6253,MOBO,2025-02-20 15:47:00+00,Track 4
1873,3721,NEC,2025-02-20 15:56:00+00,Track 14
1875,A651,AMTK,2025-02-20 16:03:00+00,Track 6
1876,6341,M&E,2025-02-20 16:07:00+00,Track 4
1877,3595,NJCL,2025-02-20 16:09:00+00,Track 1
1878,3943,NEC,2025-02-20 16:13:00+00,Track 12
1879,6641,M&E,2025-02-20 16:15:00+00,Track 2
1881,A129,AMTK,2025-02-20 16:24:00+00,Track 13
1883,3723,NEC,2025-02-20 16:27:00+00,Track 11
1884,3361,NJCL,2025-02-20 16:30:00+00,Track 3
1885,3861,NEC,2025-02-20 16:33:00+00,Track 14
1887,3947,NEC,2025-02-20 16:41:00+00,Track 9
1888,6343,M&E,2025-02-20 16:43:00+00,Track 10
1890,6643,M&E,2025-02-20 16:46:00+00,Track 4
1891,3165,NEC,2025-02-20 16:50:00+00,Track 12
1892,6263,MOBO,2025-02-20 16:52:00+00,Track 1
1893,3363,NJCL,2025-02-20 17:01:00+00,Track 13
1894,3949,NEC,2025-02-20 17:03:00+00,Track 8
1895,3511,NJCL,2025-02-20 17:05:00+00,Track 2
1898,A653,AMTK,2025-02-20 17:10:00+00,Track 7
1899,3951,NEC,2025-02-20 17:12:00+00,Track 15
1900,6647,M&E,2025-02-20 17:14:00+00,Track 6
1901,6431,M&E,2025-02-20 17:18:00+00,Track 4
1902,3265,NJCL,2025-02-20 17:20:00+00,Track 14
1904,3867,NEC,2025-02-20 17:25:00+00,Track 8
1903,A193,AMTK,2025-02-20 17:27:00+00,Track 13
1906,6273,MOBO,2025-02-20 17:31:00+00,Track 3
1907,6351,M&E,2025-02-20 17:34:00+00,Track 6
1908,3267,NJCL,2025-02-20 17:36:00+00,Track 2
1909,6651,M&E,2025-02-20 17:42:00+00,Track 4
1910,3727,NEC,2025-02-20 17:44:00+00,Track 12
1911,3871,NEC,2025-02-20 17:50:00+00,Track 11
1912,6653,M&E,2025-02-20 17:52:00+00,Track 8
1913,3271,NJCL,2025-02-20 17:55:00+00,Track 9
1915,3373,NJCL,2025-02-20 18:04:00+00,Track 14
1914,A197,AMTK,2025-02-20 18:06:00+00,Track 13
1917,6437,M&E,2025-02-20 18:10:00+00,Track 3
1918,6279,MOBO,2025-02-20 18:12:00+00,Track 2
1919,3515,NJCL,2025-02-20 18:18:00+00,Track 4
1920,6355,M&E,2025-02-20 18:20:00+00,Track 9
1921,6655,M&E,2025-02-20 18:22:00+00,Track 14
1922,A137,AMTK,2025-02-20 18:25:00+00,Track 12
1923,A655,AMTK,2025-02-20 18:35:00+00,Track 7
1924,3175,NEC,2025-02-20 18:37:00+00,Track 1
1925,3961,NEC,2025-02-20 18:39:00+00,Track 13
1927,6283,MOBO,2025-02-20 18:41:00+00,Track 2
1928,3875,NEC,2025-02-20 18:47:00+00,Track 10
1929,6359,M&E,2025-02-20 18:50:00+00,Track 3
1930,3279,NJCL,2025-02-20 19:05:00+00,Track 6
1931,3963,NEC,2025-02-20 19:12:00+00,Track 1
1932,6363,M&E,2025-02-20 19:18:00+00,Track 3
1933,3879,NEC,2025-02-20 19:20:00+00,Track 11
1934,3281,NJCL,2025-02-20 19:24:00+00,Track 4
1935,6663,M&E,2025-02-20 19:26:00+00,Track 10
1936,6291,MOBO,2025-02-20 19:37:00+00,Track 2
1938,A175,AMTK,2025-02-20 19:41:00+00,Track 12
1939,3735,NEC,2025-02-20 19:43:00+00,Track 13
1940,3965,NEC,2025-02-20 19:47:00+00,Track 9
1941,6667,M&E,2025-02-20 20:05:00+00,Track 3
1942,3883,NEC,2025-02-20 20:07:00+00,Track 10
1943,A2173,AMTK,2025-02-20 20:12:00+00,Track 12
1944,3969,NEC,2025-02-20 20:17:00+00,Track 2
1945,3283,NJCL,2025-02-20 20:21:00+00,Track 1
1946,A657,AMTK,2025-02-20 20:30:00+00,Track 9
1947,6293,MOBO,2025-02-20 20:35:00+00,Track 8
1948,3885,NEC,2025-02-20 20:37:00+00,Track 4
1949,3285,NJCL,2025-02-20 20:41:00+00,Track 13
1950,5193,RARV,2025-02-20 20:48:00+00,Track 3
1951,6671,M&E,2025-02-20 20:51:00+00,Track 1
1952,A639,AMTK,2025-02-20 21:00:00+00,Track 14
1953,3887,NEC,2025-02-20 21:06:00+00,Track 2
1954,6295,MOBO,2025-02-20 21:32:00+00,Track 1
1955,3889,NEC,2025-02-20 21:35:00+00,Track 12
1956,3289,NJCL,2025-02-20 21:38:00+00,Track 3
1957,5155,RARV,2025-02-20 21:48:00+00,Track 2
1958,6675,M&E,2025-02-20 21:51:00+00,Track 7
1960,3737,NEC,2025-02-20 22:07:00+00,Track 4
1961,3979,NEC,2025-02-20 22:11:00+00,Track 10
1962,3293,NJCL,2025-02-20 22:23:00+00,Track 13
1963,3893,NEC,2025-02-20 22:38:00+00,Track 7
1965,6297,MOBO,2025-02-20 22:41:00+00,Track 2
1966,6679,M&E,2025-02-20 22:56:00+00,Track 8
1968,3895,NEC,2025-02-20 23:06:00+00,Track 4
1969,3297,NJCL,2025-02-20 23:18:00+00,Track 11
1971,6299,MOBO,2025-02-20 23:41:00+00,Track 2
1973,6683,M&E,2025-02-21 00:02:00+00,Track 10
1974,3201,NJCL,2025-02-21 00:05:00+00,Track 3
2217,7201,NJCL,2025-02-21 00:05:00+00,Track 7
1975,3897,NEC,2025-02-21 00:14:00+00,Track 4
1976,6201,MOBO,2025-02-21 00:34:00+00,Track 1
1977,6601,M&E,2025-02-21 00:56:00+00,Track 12
1978,3205,NJCL,2025-02-21 01:00:00+00,Track 2
1979,3805,NEC,2025-02-21 01:22:00+00,Track 11
1980,A151,AMTK,2025-02-21 04:09:00+00,Track 12
1981,3809,NEC,2025-02-21 04:13:00+00,Track 13
1982,3209,NJCL,2025-02-21 04:28:00+00,Track 10
1983,A111,AMTK,2025-02-21 04:50:00+00,Track 12
1984,3813,NEC,2025-02-21 05:03:00+00,Track 13
1985,A2103,AMTK,2025-02-21 05:25:00+00,Track 8
1986,3215,NJCL,2025-02-21 05:32:00+00,Track 12
1987,3503,NJCL,2025-02-21 05:37:00+00,Track 2
1988,3701,NEC,2025-02-21 05:41:00+00,Track 3
1989,A181,AMTK,2025-02-21 05:45:00+00,Track 10
1992,6209,MOBO,2025-02-21 05:53:00+00,Track 14
1993,6305,M&E,2025-02-21 05:58:00+00,Track 1
1994,A89,AMTK,2025-02-21 06:02:00+00,Track 13
1996,3815,NEC,2025-02-21 06:06:00+00,Track 4
1997,3217,NJCL,2025-02-21 06:20:00+00,Track 2
1998,A2107,AMTK,2025-02-21 06:27:00+00,Track 11
1999,3705,NEC,2025-02-21 06:34:00+00,Track 8
2001,3817,NEC,2025-02-21 06:38:00+00,Track 1
2000,A51,AMTK,2025-02-21 06:40:00+00,Track 6
2003,6307,M&E,2025-02-21 06:41:00+00,Track 10
2004,3505,NJCL,2025-02-21 06:47:00+00,Track 4
2006,6213,MOBO,2025-02-21 06:50:00+00,Track 2
2007,3221,NJCL,2025-02-21 07:01:00+00,Track 3
2008,A79,AMTK,2025-02-21 07:04:00+00,Track 13
2009,6607,M&E,2025-02-21 07:07:00+00,Track 11
2010,3821,NEC,2025-02-21 07:14:00+00,Track 1
2011,A641,AMTK,2025-02-21 07:17:00+00,Track 7
2014,A183,AMTK,2025-02-21 07:25:00+00,Track 13
2015,6215,MOBO,2025-02-21 07:29:00+00,Track 3
2016,3709,NEC,2025-02-21 07:31:00+00,Track 10
2017,6611,M&E,2025-02-21 07:40:00+00,Track 12
2018,3223,NJCL,2025-02-21 07:44:00+00,Track 4
2020,3823,NEC,2025-02-21 07:56:00+00,Track 3
2021,6613,M&E,2025-02-21 08:02:00+00,Track 11
2023,3713,NEC,2025-02-21 08:05:00+00,Track 12
2026,A141,AMTK,2025-02-21 08:10:00+00,Track 13
2024,3825,NEC,2025-02-21 08:12:00+00,Track 1
2025,6219,MOBO,2025-02-21 08:14:00+00,Track 2
2027,3827,NEC,2025-02-21 08:25:00+00,Track 4
2028,6315,M&E,2025-02-21 08:28:00+00,Track 3
2029,6617,M&E,2025-02-21 08:38:00+00,Track 1
2030,3915,NEC,2025-02-21 08:41:00+00,Track 12
2031,3227,NJCL,2025-02-21 08:46:00+00,Track 2
2032,3917,NEC,2025-02-21 09:04:00+00,Track 3
2033,6227,MOBO,2025-02-21 09:09:00+00,Track 4
2036,3829,NEC,2025-02-21 09:19:00+00,Track 10
2037,6317,M&E,2025-02-21 09:22:00+00,Track 3
2035,A185,AMTK,2025-02-21 09:25:00+00,Track 7
2039,A643,AMTK,2025-02-21 09:30:00+00,Track 5
2041,3831,NEC,2025-02-21 09:34:00+00,Track 1
2042,6231,MOBO,2025-02-21 09:43:00+00,Track 3
2043,3231,NJCL,2025-02-21 09:46:00+00,Track 4
2045,A2153,AMTK,2025-02-21 10:00:00+00,Track 13
2047,3833,NEC,2025-02-21 10:01:00+00,Track 10
2048,6619,M&E,2025-02-21 10:04:00+00,Track 4
2049,6233,MOBO,2025-02-21 10:29:00+00,Track 8
2050,3835,NEC,2025-02-21 10:33:00+00,Track 2
2051,A95,AMTK,2025-02-21 10:35:00+00,Track 13
2053,5121,RARV,2025-02-21 10:40:00+00,Track 3
2054,3235,NJCL,2025-02-21 10:43:00+00,Track 10
2055,6621,M&E,2025-02-21 10:46:00+00,Track 11
2056,A43,AMTK,2025-02-21 10:52:00+00,Track 12
2060,A2155,AMTK,2025-02-21 11:00:00+00,Track 14
2057,A119,AMTK,2025-02-21 11:02:00+00,Track 9
2059,3837,NEC,2025-02-21 11:06:00+00,Track 4
2061,3239,NJCL,2025-02-21 11:23:00+00,Track 3
2062,6237,MOBO,2025-02-21 11:29:00+00,Track 1
2063,3839,NEC,2025-02-21 11:37:00+00,Track 11
2064,5123,RARV,2025-02-21 11:40:00+00,Track 4
2066,6625,M&E,2025-02-21 11:46:00+00,Track 12
2067,3841,NEC,2025-02-21 12:01:00+00,Track 2
2068,A645,AMTK,2025-02-21 12:05:00+00,Track 8
2069,A131,AMTK,2025-02-21 12:10:00+00,Track 9
2071,3241,NJCL,2025-02-21 12:12:00+00,Track 13
2072,6241,MOBO,2025-02-21 12:29:00+00,Track 1
2073,A171,AMTK,2025-02-21 12:40:00+00,Track 14
2074,3243,NJCL,2025-02-21 12:43:00+00,Track 4
2075,5175,RARV,2025-02-21 12:45:00+00,Track 2
2077,6627,M&E,2025-02-21 12:47:00+00,Track 12
2076,A609,AMTK,2025-02-21 12:54:00+00,Track 7
2079,3845,NEC,2025-02-21 13:05:00+00,Track 10
2080,6245,MOBO,2025-02-21 13:29:00+00,Track 1
2081,3847,NEC,2025-02-21 13:32:00+00,Track 11
2082,5127,RARV,2025-02-21 13:40:00+00,Track 3
2083,3247,NJCL,2025-02-21 13:43:00+00,Track 12
2085,6631,M&E,2025-02-21 13:51:00+00,Track 2
2086,A19,AMTK,2025-02-21 14:00:00+00,Track 13
2087,A93,AMTK,2025-02-21 14:02:00+00,Track 15
2089,3849,NEC,2025-02-21 14:07:00+00,Track 10
2090,A647,AMTK,2025-02-21 14:11:00+00,Track 9
2091,A2121,AMTK,2025-02-21 14:15:00+00,Track 7
2094,3719,NEC,2025-02-21 14:27:00+00,Track 3
2095,6635,M&E,2025-02-21 14:30:00+00,Track 1
2097,5179,RARV,2025-02-21 14:40:00+00,Track 2
2099,A649,AMTK,2025-02-21 14:44:00+00,Track 12
2100,3251,NJCL,2025-02-21 14:46:00+00,Track 4
2101,6251,MOBO,2025-02-21 14:51:00+00,Track 11
2103,A2163,AMTK,2025-02-21 15:00:00+00,Track 12
2104,3937,NEC,2025-02-21 15:01:00+00,Track 8
2102,A85,AMTK,2025-02-21 15:05:00+00,Track 13
2106,3753,NEC,2025-02-21 15:07:00+00,Track 1
2107,3509,NJCL,2025-02-21 15:20:00+00,Track 2
2108,6339,M&E,2025-02-21 15:22:00+00,Track 10
2109,6639,M&E,2025-02-21 15:26:00+00,Track 3
2111,3855,NEC,2025-02-21 15:30:00+00,Track 14
2112,3857,NEC,2025-02-21 15:42:00+00,Track 1
2113,3255,NJCL,2025-02-21 15:44:00+00,Track 15
2114,6253,MOBO,2025-02-21 15:47:00+00,Track 2
2115,3721,NEC,2025-02-21 15:56:00+00,Track 14
2117,A651,AMTK,2025-02-21 16:03:00+00,Track 13
2118,A173,AMTK,2025-02-21 16:05:00+00,Track 12
2119,6341,M&E,2025-02-21 16:07:00+00,Track 10
2120,3595,NJCL,2025-02-21 16:09:00+00,Track 1
2121,3943,NEC,2025-02-21 16:13:00+00,Track 9
2122,6641,M&E,2025-02-21 16:15:00+00,Track 4
2123,A129,AMTK,2025-02-21 16:24:00+00,Track 12
2124,3723,NEC,2025-02-21 16:27:00+00,Track 14
2125,3361,NJCL,2025-02-21 16:30:00+00,Track 3
2126,3861,NEC,2025-02-21 16:33:00+00,Track 13
2127,6343,M&E,2025-02-21 16:43:00+00,Track 1
2129,3165,NEC,2025-02-21 16:50:00+00,Track 14
2130,6263,MOBO,2025-02-21 16:52:00+00,Track 2
2131,3363,NJCL,2025-02-21 17:01:00+00,Track 9
2133,3949,NEC,2025-02-21 17:03:00+00,Track 10
2134,3511,NJCL,2025-02-21 17:05:00+00,Track 3
2135,3725,NEC,2025-02-21 17:08:00+00,Track 12
2136,A653,AMTK,2025-02-21 17:10:00+00,Track 6
2137,3951,NEC,2025-02-21 17:12:00+00,Track 15
2139,6647,M&E,2025-02-21 17:14:00+00,Track 2
2140,6431,M&E,2025-02-21 17:18:00+00,Track 4
2142,3265,NJCL,2025-02-21 17:20:00+00,Track 14
2143,3867,NEC,2025-02-21 17:25:00+00,Track 7
2141,A193,AMTK,2025-02-21 17:27:00+00,Track 13
2145,3513,NJCL,2025-02-21 17:29:00+00,Track 10
2146,6273,MOBO,2025-02-21 17:31:00+00,Track 1
2147,3267,NJCL,2025-02-21 17:36:00+00,Track 3
2148,3953,NEC,2025-02-21 17:40:00+00,Track 9
2149,6651,M&E,2025-02-21 17:42:00+00,Track 2
2150,3727,NEC,2025-02-21 17:44:00+00,Track 14
2151,3871,NEC,2025-02-21 17:50:00+00,Track 13
2152,6653,M&E,2025-02-21 17:52:00+00,Track 4
2153,3271,NJCL,2025-02-21 17:55:00+00,Track 7
2154,A2169,AMTK,2025-02-21 18:00:00+00,Track 10
2155,3957,NEC,2025-02-21 18:01:00+00,Track 1
2156,3373,NJCL,2025-02-21 18:04:00+00,Track 14
2157,A197,AMTK,2025-02-21 18:06:00+00,Track 11
2158,6437,M&E,2025-02-21 18:10:00+00,Track 3
2159,6279,MOBO,2025-02-21 18:12:00+00,Track 8
2160,3959,NEC,2025-02-21 18:14:00+00,Track 13
2161,3873,NEC,2025-02-21 18:16:00+00,Track 12
2162,3515,NJCL,2025-02-21 18:18:00+00,Track 9
2163,6355,M&E,2025-02-21 18:20:00+00,Track 2
2164,6655,M&E,2025-02-21 18:22:00+00,Track 14
2165,3275,NJCL,2025-02-21 18:29:00+00,Track 4
2166,A655,AMTK,2025-02-21 18:35:00+00,Track 11
2167,3961,NEC,2025-02-21 18:39:00+00,Track 1
2168,6283,MOBO,2025-02-21 18:41:00+00,Track 3
2169,3875,NEC,2025-02-21 18:47:00+00,Track 8
2170,6359,M&E,2025-02-21 18:50:00+00,Track 2
2171,6659,M&E,2025-02-21 18:56:00+00,Track 4
2172,3279,NJCL,2025-02-21 19:05:00+00,Track 9
2174,3963,NEC,2025-02-21 19:12:00+00,Track 13
2175,6363,M&E,2025-02-21 19:18:00+00,Track 3
2176,3879,NEC,2025-02-21 19:20:00+00,Track 7
2177,3281,NJCL,2025-02-21 19:24:00+00,Track 4
2179,6663,M&E,2025-02-21 19:26:00+00,Track 1
2180,6291,MOBO,2025-02-21 19:37:00+00,Track 10
2181,A175,AMTK,2025-02-21 19:41:00+00,Track 13
2182,3735,NEC,2025-02-21 19:43:00+00,Track 2
2184,3965,NEC,2025-02-21 19:47:00+00,Track 9
2185,6667,M&E,2025-02-21 20:05:00+00,Track 4
2186,3883,NEC,2025-02-21 20:07:00+00,Track 2
2187,A2173,AMTK,2025-02-21 20:12:00+00,Track 12
2189,3283,NJCL,2025-02-21 20:21:00+00,Track 3
2190,A657,AMTK,2025-02-21 20:30:00+00,Track 5
2192,6293,MOBO,2025-02-21 20:35:00+00,Track 13
2193,3885,NEC,2025-02-21 20:37:00+00,Track 10
2194,3285,NJCL,2025-02-21 20:41:00+00,Track 4
2195,5193,RARV,2025-02-21 20:48:00+00,Track 1
2196,6671,M&E,2025-02-21 20:51:00+00,Track 12
2197,A639,AMTK,2025-02-21 21:00:00+00,Track 9
2198,6295,MOBO,2025-02-21 21:32:00+00,Track 10
2199,3889,NEC,2025-02-21 21:35:00+00,Track 2
2200,3289,NJCL,2025-02-21 21:38:00+00,Track 3
2201,5155,RARV,2025-02-21 21:48:00+00,Track 1
2202,6675,M&E,2025-02-21 21:51:00+00,Track 7
2203,3737,NEC,2025-02-21 22:07:00+00,Track 4
2204,3979,NEC,2025-02-21 22:11:00+00,Track 10
2206,6677,M&E,2025-02-21 22:13:00+00,Track 3
2207,3293,NJCL,2025-02-21 22:23:00+00,Track 14
2208,3893,NEC,2025-02-21 22:38:00+00,Track 7
2209,6297,MOBO,2025-02-21 22:41:00+00,Track 4
2210,5197,RARV,2025-02-21 22:48:00+00,Track 1
2212,6679,M&E,2025-02-21 22:56:00+00,Track 8
2213,3895,NEC,2025-02-21 23:06:00+00,Track 3
2214,3297,NJCL,2025-02-21 23:18:00+00,Track 2
2216,6299,MOBO,2025-02-21 23:41:00+00,Track 4
2218,7201,NJCL,2025-02-22 00:05:00+00,Track 7
2219,3897,NEC,2025-02-22 00:14:00+00,Track 3
2221,6201,MOBO,2025-02-22 00:34:00+00,Track 2
2222,7801,NEC,2025-02-22 00:43:00+00,Track 9
2223,6601,M&E,2025-02-22 00:56:00+00,Track 4
2224,7205,NJCL,2025-02-22 01:00:00+00,Track 1
2226,7805,NEC,2025-02-22 01:22:00+00,Track 3
2227,A151,AMTK,2025-02-22 04:09:00+00,Track 10
2229,7813,NEC,2025-02-22 05:10:00+00,Track 7
2230,7217,NJCL,2025-02-22 05:53:00+00,Track 11
2231,A89,AMTK,2025-02-22 06:02:00+00,Track 9
2232,7817,NEC,2025-02-22 06:13:00+00,Track 4
2233,7221,NJCL,2025-02-22 06:53:00+00,Track 7
2234,A661,AMTK,2025-02-22 07:00:00+00,Track 6
2236,A79,AMTK,2025-02-22 07:04:00+00,Track 9
2237,6913,M&E,2025-02-22 07:11:00+00,Track 1
2238,7821,NEC,2025-02-22 07:14:00+00,Track 11
2239,A101,AMTK,2025-02-22 07:49:00+00,Track 13
2241,7225,NJCL,2025-02-22 07:53:00+00,Track 2
2243,A2203,AMTK,2025-02-22 08:00:00+00,Track 12
2244,7625,NJCL,2025-02-22 08:07:00+00,Track 4
2245,6915,M&E,2025-02-22 08:11:00+00,Track 1
2246,7825,NEC,2025-02-22 08:14:00+00,Track 3
2247,A103,AMTK,2025-02-22 08:49:00+00,Track 13
2249,7229,NJCL,2025-02-22 08:53:00+00,Track 4
2250,A2205,AMTK,2025-02-22 09:00:00+00,Track 10
2252,A155,AMTK,2025-02-22 09:05:00+00,Track 8
2253,7629,NJCL,2025-02-22 09:07:00+00,Track 3
2254,A663,AMTK,2025-02-22 09:09:00+00,Track 14
2256,6917,M&E,2025-02-22 09:11:00+00,Track 2
2257,7829,NEC,2025-02-22 09:14:00+00,Track 1
2258,A143,AMTK,2025-02-22 09:47:00+00,Track 13
2260,7233,NJCL,2025-02-22 09:55:00+00,Track 4
2261,A2249,AMTK,2025-02-22 10:03:00+00,Track 12
2263,6919,M&E,2025-02-22 10:11:00+00,Track 3
2264,7833,NEC,2025-02-22 10:16:00+00,Track 1
2266,A43,AMTK,2025-02-22 10:52:00+00,Track 14
2268,7237,NJCL,2025-02-22 10:57:00+00,Track 4
2269,A195,AMTK,2025-02-22 11:05:00+00,Track 12
2271,7637,NJCL,2025-02-22 11:07:00+00,Track 3
2272,6921,M&E,2025-02-22 11:11:00+00,Track 1
2274,7837,NEC,2025-02-22 11:14:00+00,Track 2
2275,A2251,AMTK,2025-02-22 12:00:00+00,Track 12
2277,7839,NEC,2025-02-22 12:01:00+00,Track 10
2278,7241,NJCL,2025-02-22 12:07:00+00,Track 8
2279,6923,M&E,2025-02-22 12:11:00+00,Track 2
2280,7841,NEC,2025-02-22 12:14:00+00,Track 3
2281,A147,AMTK,2025-02-22 13:00:00+00,Track 12
2283,A665,AMTK,2025-02-22 13:05:00+00,Track 7
2285,7245,NJCL,2025-02-22 13:07:00+00,Track 3
2286,6925,M&E,2025-02-22 13:11:00+00,Track 10
2288,7845,NEC,2025-02-22 13:14:00+00,Track 4
2287,A99,AMTK,2025-02-22 13:17:00+00,Track 13
2290,7847,NEC,2025-02-22 13:55:00+00,Track 2
2291,A19,AMTK,2025-02-22 14:00:00+00,Track 12
2292,A161,AMTK,2025-02-22 14:05:00+00,Track 13
2294,7249,NJCL,2025-02-22 14:07:00+00,Track 3
2295,6927,M&E,2025-02-22 14:11:00+00,Track 9
2296,7849,NEC,2025-02-22 14:14:00+00,Track 4
2297,7851,NEC,2025-02-22 14:55:00+00,Track 10
2300,A87,AMTK,2025-02-22 15:04:00+00,Track 7
2298,7253,NJCL,2025-02-22 15:07:00+00,Track 11
2301,6929,M&E,2025-02-22 15:11:00+00,Track 14
2299,A667,AMTK,2025-02-22 15:13:00+00,Track 8
2303,7853,NEC,2025-02-22 15:15:00+00,Track 13
2304,7855,NEC,2025-02-22 15:52:00+00,Track 3
2305,7657,NJCL,2025-02-22 15:56:00+00,Track 2
2306,A163,AMTK,2025-02-22 16:05:00+00,Track 14
2308,7257,NJCL,2025-02-22 16:07:00+00,Track 9
2309,6931,M&E,2025-02-22 16:11:00+00,Track 8
2310,7857,NEC,2025-02-22 16:14:00+00,Track 7
2311,7859,NEC,2025-02-22 16:54:00+00,Track 13
2312,A2255,AMTK,2025-02-22 17:00:00+00,Track 7
2313,7661,NJCL,2025-02-22 17:01:00+00,Track 1
2314,A159,AMTK,2025-02-22 17:05:00+00,Track 14
2315,7261,NJCL,2025-02-22 17:07:00+00,Track 8
2317,6933,M&E,2025-02-22 17:11:00+00,Track 2
2318,7861,NEC,2025-02-22 17:14:00+00,Track 9
2316,A669,AMTK,2025-02-22 17:17:00+00,Track 6
2321,7863,NEC,2025-02-22 17:58:00+00,Track 3
2322,7665,NJCL,2025-02-22 18:01:00+00,Track 4
2320,A135,AMTK,2025-02-22 18:05:00+00,Track 9
2324,7265,NJCL,2025-02-22 18:07:00+00,Track 1
2325,6935,M&E,2025-02-22 18:11:00+00,Track 13
2326,7865,NEC,2025-02-22 18:16:00+00,Track 2
2327,A57,AMTK,2025-02-22 19:01:00+00,Track 9
2328,7867,NEC,2025-02-22 19:03:00+00,Track 8
2330,7269,NJCL,2025-02-22 19:07:00+00,Track 3
2331,6937,M&E,2025-02-22 19:11:00+00,Track 4
2332,7869,NEC,2025-02-22 19:14:00+00,Track 14
2334,7673,NJCL,2025-02-22 19:51:00+00,Track 2
2335,A671,AMTK,2025-02-22 19:53:00+00,Track 11
2338,A165,AMTK,2025-02-22 20:01:00+00,Track 13
2340,7871,NEC,2025-02-22 20:03:00+00,Track 9
2341,7273,NJCL,2025-02-22 20:07:00+00,Track 4
2342,6939,M&E,2025-02-22 20:11:00+00,Track 8
2343,7873,NEC,2025-02-22 20:14:00+00,Track 3
2344,A167,AMTK,2025-02-22 21:05:00+00,Track 13
2345,7277,NJCL,2025-02-22 21:07:00+00,Track 3
2347,6941,M&E,2025-02-22 21:11:00+00,Track 4
2348,7877,NEC,2025-02-22 21:14:00+00,Track 14
2349,7281,NJCL,2025-02-22 22:07:00+00,Track 8
2350,6943,M&E,2025-02-22 22:11:00+00,Track 4
2351,7881,NEC,2025-02-22 22:14:00+00,Track 12
2352,7883,NEC,2025-02-22 22:57:00+00,Track 4
2353,7285,NJCL,2025-02-22 23:07:00+00,Track 1
2354,6945,M&E,2025-02-22 23:11:00+00,Track 10
2357,7885,NEC,2025-02-22 23:14:00+00,Track 3
2358,7201,NJCL,2025-02-23 00:05:00+00,Track 2
2359,7887,NEC,2025-02-23 00:14:00+00,Track 4
2360,A169,AMTK,2025-02-23 00:20:00+00,Track 11
2361,6907,M&E,2025-02-23 00:34:00+00,Track 3
2362,7801,NEC,2025-02-23 00:43:00+00,Track 12
2363,7205,NJCL,2025-02-23 01:00:00+00,Track 1
2364,6909,M&E,2025-02-23 01:19:00+00,Track 11
2365,7805,NEC,2025-02-23 01:22:00+00,Track 2
2366,A151,AMTK,2025-02-23 04:09:00+00,Track 12
2367,7813,NEC,2025-02-23 05:10:00+00,Track 12
2368,7217,NJCL,2025-02-23 05:53:00+00,Track 13
2369,A89,AMTK,2025-02-23 06:02:00+00,Track 12
2371,7817,NEC,2025-02-23 06:13:00+00,Track 4
2372,7221,NJCL,2025-02-23 06:53:00+00,Track 9
2373,A661,AMTK,2025-02-23 07:00:00+00,Track 7
2374,A79,AMTK,2025-02-23 07:04:00+00,Track 13
2375,6913,M&E,2025-02-23 07:11:00+00,Track 2
2376,7821,NEC,2025-02-23 07:14:00+00,Track 12
2378,7225,NJCL,2025-02-23 07:53:00+00,Track 3
2379,A153,AMTK,2025-02-23 08:05:00+00,Track 13
2381,7625,NJCL,2025-02-23 08:07:00+00,Track 2
2382,6915,M&E,2025-02-23 08:11:00+00,Track 4
2384,7825,NEC,2025-02-23 08:14:00+00,Track 1
2385,A103,AMTK,2025-02-23 08:49:00+00,Track 14
2387,7229,NJCL,2025-02-23 08:53:00+00,Track 4
2388,A2205,AMTK,2025-02-23 09:00:00+00,Track 11
2390,A155,AMTK,2025-02-23 09:05:00+00,Track 10
2391,7629,NJCL,2025-02-23 09:07:00+00,Track 3
2392,A663,AMTK,2025-02-23 09:09:00+00,Track 13
2395,6917,M&E,2025-02-23 09:11:00+00,Track 2
2396,7829,NEC,2025-02-23 09:14:00+00,Track 1
2397,A143,AMTK,2025-02-23 09:47:00+00,Track 14
2399,7233,NJCL,2025-02-23 09:55:00+00,Track 4
2400,6919,M&E,2025-02-23 10:11:00+00,Track 1
2401,7833,NEC,2025-02-23 10:16:00+00,Track 3
2402,A43,AMTK,2025-02-23 10:52:00+00,Track 14
2404,7237,NJCL,2025-02-23 10:57:00+00,Track 4
2405,A195,AMTK,2025-02-23 11:05:00+00,Track 12
2407,7637,NJCL,2025-02-23 11:07:00+00,Track 3
2408,6921,M&E,2025-02-23 11:11:00+00,Track 1
2409,7837,NEC,2025-02-23 11:14:00+00,Track 2
2410,7839,NEC,2025-02-23 12:01:00+00,Track 10
2411,7241,NJCL,2025-02-23 12:07:00+00,Track 8
2412,6923,M&E,2025-02-23 12:11:00+00,Track 3
2413,7841,NEC,2025-02-23 12:14:00+00,Track 1
2414,A665,AMTK,2025-02-23 13:05:00+00,Track 7
2416,7245,NJCL,2025-02-23 13:07:00+00,Track 2
2417,6925,M&E,2025-02-23 13:11:00+00,Track 3
2419,7845,NEC,2025-02-23 13:14:00+00,Track 4
2418,A99,AMTK,2025-02-23 13:17:00+00,Track 14
